ホテル・旅館名,住所・エリア名,最低価格,レビュー評価,詳細リンク
帝国ホテル 東京,帝国ホテル 東京,"2名税込15,200円〜",世界的権威のあるトラベルガイド「フォーブス・トラベルガイド」のホテル部門にて、2016年に日系ホテルとして初めて5つ星を獲得して以降、毎年連続で5つ星の評価を獲得。2025年には、「ミシュランガイド」が発表するホテルの卓越性を示すミシュランキーにて最高評価である3ミシュランキーに2年連続で選ばれました。落ち着きと品格に満ちた「最上質の日本」が体験できるパレスホテル東京は、都心にありながら豊かな水と緑が溢れる丸の内1-1-1に佇みます。約6割の客室がバルコニー付き。窓を開け外に出ると、皇居外苑の豊かな緑が楽しめます。700点以上のアート作品に彩られた館内には、「ミシュランガイド東京2025」一つ星レストランであるフランス料理 エステール by アラン・デュカスをはじめ、会席の名店として長年多くの方々から愛される日本料理 和田倉や、和田倉濠に面したテラス席が人気のオールデイダイニング グランド キッチンなど、10の多彩なレストラン&バー、2024年より「フォーブス・トラベルガイド」のスパ部門にて5つ星の評価を得続けている、日本唯一のエビアン スパ 東京を備えています。世界が認めたラグジュアリーホテル パレスホテル東京でぜひ、上質な一日をお過ごしください。,https://www.ikyu.com/00000315/?discsort=1&lc=1&ppc=2&rc=1&st=1
ザ・ペニンシュラ東京,ザ・ペニンシュラ東京,"2名税込127,520円〜",米国の権威のある雑誌「フォーブス・トラベルガイド」のホテル部門にて最高ランク5つ星を8年連続で受賞するザ・ペニンシュラ東京は、皇居外苑と日比谷公園に面し、緑豊かな環境でありながら、銀座まで徒歩圏内という最高のロケーションです。和のテイストをとりいれたコンテンポラリーな客室に加え、アフタヌーンティーが代表的な「ザ・ロビー」や、本格的な広東料理をお楽しみいただける中国料理「ヘイフンテラス」、最上階の24階にて景色とお食事をご堪能いただけるモダンフレンチ「Peter」、そして贅沢で深いリラクゼーションに浸っていただける「ザ・ペニンシュラ スパ＆ウェルネスセンター」など、伝説的とも称されるペニンシュラ・ホスピタリティと共に、ペニンシュラならではのくつろぎの時間をご提供いたします。東京メトロ・都営地下鉄 日比谷駅に直結し、東京駅も近く、徒歩圏内には日生劇場や東京宝塚劇場、出光美術館など文化的な施設が点在しています。また、オフィス街でありながら、様々な個性的なショップが集まる丸の内エリアに位置し、一流ブランドやデパートが建ち並ぶ銀座・有楽町も至近で、ビジネスにもレジャーにも理想的な立地です。,https://www.ikyu.com/00001279/?discsort=1&lc=1&ppc=2&rc=1&st=1
品川プリンスホテル,東京都・品川駅（高輪口）より徒歩にて2分,"2名税込13,371円〜",評価なし,https://www.ikyu.com/00000660/?discsort=1&lc=1&ppc=2&rc=1&st=1
東京ステーションホテル,東京都・東京駅丸の内南口直結,"2名税込53,436円〜",評価なし,https://www.ikyu.com/00001833/?discsort=1&lc=1&ppc=2&rc=1&st=1
セルリアンタワー東急ホテル,東京都・渋谷駅徒歩5分,"2名税込56,904円〜",評価なし,https://www.ikyu.com/00000355/?discsort=1&lc=1&ppc=2&rc=1&st=1
The Okura Tokyo,The Okura Tokyo,"2名税込89,570円〜",評価なし,https://www.ikyu.com/00002620/?discsort=1&lc=1&ppc=2&rc=1&st=1
丸ノ内ホテル,東京都・東京駅丸の内北口 徒歩1分,"2名税込45,600円〜",評価なし,https://www.ikyu.com/00000816/?discsort=1&lc=1&ppc=2&rc=1&st=1
ふふ 東京 銀座,東京都・銀座一丁目,"2名税込89,350円〜",評価なし,https://www.ikyu.com/00003383/?discsort=1&lc=1&ppc=2&rc=1&st=1
東京ドームホテル,東京都・水道橋駅 徒歩2分,"2名税込20,350円〜",評価なし,https://www.ikyu.com/00000171/?discsort=1&lc=1&ppc=2&rc=1&st=1
グランドニッコー東京 台場,東京都・お台場,"2名税込22,640円〜",評価なし,https://www.ikyu.com/00000065/?discsort=1&lc=1&ppc=2&rc=1&st=1
ホテル椿山荘東京,東京都・江戸川橋,"2名税込42,274円〜",評価なし,https://www.ikyu.com/00000186/?discsort=1&lc=1&ppc=2&rc=1&st=1
シャングリ・ラ 東京,東京都・丸の内・東京駅隣接,"2名税込91,335円〜",評価なし,https://www.ikyu.com/00001425/?discsort=1&lc=1&ppc=2&rc=1&st=1
ホテルニューオータニ,東京都・赤坂見附駅 徒歩3分,"2名税込41,810円〜",評価なし,https://www.ikyu.com/00002130/?discsort=1&lc=1&ppc=2&rc=1&st=1
パレスホテル東京,東京都・丸の内／大手町地下通路直結,"2名税込94,218円〜",世界的権威のあるトラベルガイド「フォーブス・トラベルガイド」のホテル部門にて、2016年に日系ホテルとして初めて5つ星を獲得して以降、毎年連続で5つ星の評価を獲得。2025年には、「ミシュランガイド」が発表するホテルの卓越性を示すミシュランキーにて最高評価である3ミシュランキーに2年連続で選ばれました。落ち着きと品格に満ちた「最上質の日本」が体験できるパレスホテル東京は、都心にありながら豊かな水と緑が溢れる丸の内1-1-1に佇みます。約6割の客室がバルコニー付き。窓を開け外に出ると、皇居外苑の豊かな緑が楽しめます。700点以上のアート作品に彩られた館内には、「ミシュランガイド東京2025」一つ星レストランであるフランス料理 エステール by アラン・デュカスをはじめ、会席の名店として長年多くの方々から愛される日本料理 和田倉や、和田倉濠に面したテラス席が人気のオールデイダイニング グランド キッチンなど、10の多彩なレストラン&バー、2024年より「フォーブス・トラベルガイド」のスパ部門にて5つ星の評価を得続けている、日本唯一のエビアン スパ 東京を備えています。世界が認めたラグジュアリーホテル パレスホテル東京でぜひ、上質な一日をお過ごしください。,https://www.ikyu.com/00001806/?discsort=1&lc=1&ppc=2&rc=1&st=1
ラビスタ東京ベイ（共立リゾート）,東京都・豊洲,"2名税込18,780円〜",評価なし,https://www.ikyu.com/00002992/?discsort=1&lc=1&ppc=2&rc=1&st=1
グランドプリンスホテル新高輪,東京都・JR品川駅徒歩約5分,"2名税込22,562円〜",評価なし,https://www.ikyu.com/00000644/?discsort=1&lc=1&ppc=2&rc=1&st=1
フェアモント東京,東京都・港区,"2名税込103,540円〜",評価なし,https://www.ikyu.com/00003324/?discsort=1&lc=1&ppc=2&rc=1&st=1
ザ・プリンス パークタワー東京,東京都・都営三田線「芝公園駅」A4出口徒歩3分,"2名税込42,930円〜",評価なし,https://www.ikyu.com/00000946/?discsort=1&lc=1&ppc=2&rc=1&st=1
リッチモンドホテルプレミア東京スコーレ,リッチモンドホテルプレミア東京スコーレ,"2名税込15,040円〜",評価なし,https://www.ikyu.com/00081056/?discsort=1&lc=1&ppc=2&rc=1&st=1
リーガロイヤルホテル東京,東京都・早稲田,"2名税込15,200円〜",評価なし,https://www.ikyu.com/00000089/?discsort=1&lc=1&ppc=2&rc=1&st=1
人気のこだわり,ホテル,円,評価なし,https://www.ikyu.com/theme/a140000/
ホテルメトロポリタン 羽田,東京都・大田区,"2名税込44,884円〜",ハイアットが手がける日本初のラグジュアリー ライフスタイルホテル「アンダーズ 東京」。アンダーズは、ヒンディ語で「パーソナル スタイル」を意味し、まるで自宅にいるかのように、自分らしく自然体で過ごしていただけるよう、形式にとらわれず肩肘張らないおもてなしを提供します。虎ノ門ヒルズの最上階を含む47～52階に位置し、東京タワーや皇居、東京スカイツリーなど東京のあらゆるランドマークを一望できるパノラミックな眺望をご堪能いただけます。丸の内、銀座、六本木エリアからも程近くビジネス・レジャーの拠点にも最適です。,https://www.ikyu.com/00003089/?discsort=1&lc=1&ppc=2&rc=1&st=1
ザ・キャピトルホテル 東急,東京都・溜池山王駅・国会議事堂前駅直結,"2名税込114,054円〜",評価なし,https://www.ikyu.com/00001639/?discsort=1&lc=1&ppc=2&rc=1&st=1
ジャヌ東京,東京都・港区,"朝食付2名税込161,162円〜",評価なし,https://www.ikyu.com/00003197/?discsort=1&lc=1&ppc=2&rc=1&st=1
第一ホテル東京,東京都・JR「新橋駅」日比谷口から徒歩約2分,"2名税込25,740円〜",評価なし,https://www.ikyu.com/00000177/?discsort=1&lc=1&ppc=2&rc=1&st=1
グランドプリンスホテル高輪,東京都・JR品川駅徒歩約5分,"2名税込19,340円〜",史跡が点在する日本庭園の緑と和が織りなす「過ごす時」,https://www.ikyu.com/00000646/?discsort=1&lc=1&ppc=2&rc=1&st=1
ヒルトン東京お台場,東京都・お台場,"2名税込27,866円〜",評価なし,https://www.ikyu.com/00000104/?discsort=1&lc=1&ppc=2&rc=1&st=1
アマン東京,東京都・大手町・丸の内・大手町駅直結,"朝食付2名税込347,116円〜",評価なし,https://www.ikyu.com/00002119/?discsort=1&lc=1&ppc=2&rc=1&st=1
マンダリン オリエンタル 東京,東京都・日本橋／三越前駅直結,"2名税込145,665円〜",評価なし,https://www.ikyu.com/00001050/?discsort=1&lc=1&ppc=2&rc=1&st=1
日本青年館ホテル,東京都・外苑前,"2名税込16,000円〜",神宮外苑の自然と静寂に包まれたビジネス・観光の拠点,https://www.ikyu.com/00002481/?discsort=1&lc=1&ppc=2&rc=1&st=1
三井ガーデンホテル神宮外苑の杜プレミア,東京都・神宮外苑,"2名税込18,985円〜",評価なし,https://www.ikyu.com/00002617/?discsort=1&lc=1&ppc=2&rc=1&st=1
ホテルモントレ　ラ・スール　ギンザ,東京都・銀座一丁目,"2名税込13,600円〜",評価なし,https://www.ikyu.com/00000196/?discsort=1&lc=1&ppc=2&rc=1&st=1
ホテルメトロポリタン　エドモント,東京都・水道橋／飯田橋駅徒歩5分,"2名税込13,192円〜",評価なし,https://www.ikyu.com/00000618/?discsort=1&lc=1&ppc=2&rc=1&st=1
SORANO HOTEL,東京都・立川市,"2名税込27,742円〜",評価なし,https://www.ikyu.com/00003297/?discsort=1&lc=1&ppc=2&rc=1&st=1
アンダーズ 東京,東京都・虎ノ門ヒルズ 森タワー,"2名税込96,838円〜",ハイアットが手がける日本初のラグジュアリー ライフスタイルホテル「アンダーズ 東京」。アンダーズは、ヒンディ語で「パーソナル スタイル」を意味し、まるで自宅にいるかのように、自分らしく自然体で過ごしていただけるよう、形式にとらわれず肩肘張らないおもてなしを提供します。虎ノ門ヒルズの最上階を含む47～52階に位置し、東京タワーや皇居、東京スカイツリーなど東京のあらゆるランドマークを一望できるパノラミックな眺望をご堪能いただけます。丸の内、銀座、六本木エリアからも程近くビジネス・レジャーの拠点にも最適です。,https://www.ikyu.com/00002011/?discsort=1&lc=1&ppc=2&rc=1&st=1
ロイヤルパークホテル,東京都・日本橋・水天宮前駅直結,"2名税込29,568円〜",評価なし,https://www.ikyu.com/00000103/?discsort=1&lc=1&ppc=2&rc=1&st=1
ブルガリ ホテル 東京,東京都・中央区,"ポイント2%（4,554円分）獲得",評価なし,https://www.ikyu.com/00003044/?discsort=1&lc=1&ppc=2&rc=1&st=1
THE BLOSSOM HIBIYA（ザ ブラッサム 日比谷）,東京都・新橋,"2名税込33,810円〜",評価なし,https://www.ikyu.com/00002653/?discsort=1&lc=1&ppc=2&rc=1&st=1
ホテルモントレ銀座,東京都・銀座二丁目,"2名税込14,630円〜",評価なし,https://www.ikyu.com/00000272/?discsort=1&lc=1&ppc=2&rc=1&st=1
ヴィラフォンテーヌ グランド 羽田空港｜住友不動産,東京都・羽田空港,"2名税込16,724円〜",評価なし,https://www.ikyu.com/00002768/?discsort=1&lc=1&ppc=2&rc=1&st=1
京王プラザホテル,東京都・新宿西口,"2名税込44,884円〜",評価なし,https://www.ikyu.com/00000187/?discsort=1&lc=1&ppc=2&rc=1&st=1
周辺都市,中央区,不明,評価なし,https://www.ikyu.com/tokyo/pr13/ct13002000/?adc=1&adcid=202550369&adgid=12503541209&discsort=1&ikCo=google&lc=1&per_page=20&pn=1&ppc=2&rc=1&si=6
ホテル八重の翠東京,ホテル八重の翠東京,"2名税込16,245円〜",江戸の頃より伝統と革新が交わる東京の原点でもある日本橋。江戸文化で栄えた日本橋らしさをミックスし、日本橋の「粋」を体感できるデザインを随所に取り入れた三井ガーデンホテル日本橋プレミアで、ワンランク上のくつろぎをお楽しみください。,https://www.ikyu.com/00081898/?discsort=1&lc=1&ppc=2&rc=1&st=1
ウェスティンホテル東京,東京都・恵比寿ガーデンプレイス,"ポイント2%（1,366円分）獲得",評価なし,https://www.ikyu.com/00000239/?discsort=1&lc=1&ppc=2&rc=1&st=1
ニューオータニイン東京,ニューオータニイン東京,"2名税込9,001円〜",大崎駅直結！ビジネスや観光の拠点に最適な、女性お一人様でも安心のホテル,https://www.ikyu.com/00080521/?discsort=1&lc=1&ppc=2&rc=1&st=1
ホテルモントレ赤坂,東京都・赤坂見附,"2名税込11,242円〜",評価なし,https://www.ikyu.com/00001249/?discsort=1&lc=1&ppc=2&rc=1&st=1
三井ガーデンホテル日本橋プレミア,東京都・東京メトロ「三越前」駅 地下直結,"2名税込20,928円〜",江戸の頃より伝統と革新が交わる東京の原点でもある日本橋。江戸文化で栄えた日本橋らしさをミックスし、日本橋の「粋」を体感できるデザインを随所に取り入れた三井ガーデンホテル日本橋プレミアで、ワンランク上のくつろぎをお楽しみください。,https://www.ikyu.com/00002511/?discsort=1&lc=1&ppc=2&rc=1&st=1
ザ・ゲートホテル東京 by HULIC,東京都・千代田区,"2名税込32,590円〜",評価なし,https://www.ikyu.com/00002570/?discsort=1&lc=1&ppc=2&rc=1&st=1
ANAインターコンチネンタルホテル東京 by IHG,東京都・赤坂・溜池山王,ポイント2%（800円分）獲得,評価なし,https://www.ikyu.com/00000610/?discsort=1&lc=1&ppc=2&rc=1&st=1
羽田エクセルホテル東急,東京都・羽田空港第二ビル,"2名税込21,952円〜",評価なし,https://www.ikyu.com/00000894/?discsort=1&lc=1&ppc=2&rc=1&st=1
ホテルモントレ半蔵門,東京都・半蔵門駅徒歩1分,"2名税込12,012円〜",評価なし,https://www.ikyu.com/00001192/?discsort=1&lc=1&ppc=2&rc=1&st=1
ホテルかずさや,ホテルかずさや,"2名税込13,190円〜",評価なし,https://www.ikyu.com/00082098/?discsort=1&lc=1&ppc=2&rc=1&st=1
三井ガーデンホテル銀座プレミア,東京都・新橋駅 徒歩3分,"2名税込30,270円〜",評価なし,https://www.ikyu.com/00001045/?discsort=1&lc=1&ppc=2&rc=1&st=1
小田急ホテルセンチュリーサザンタワー,東京都・新宿駅南口,"2名税込32,200円〜",評価なし,https://www.ikyu.com/00000212/?discsort=1&lc=1&ppc=2&rc=1&st=1
東京エディション虎ノ門,東京都・虎ノ門,"ポイント2%（2,276円分）獲得",評価なし,https://www.ikyu.com/00002782/?discsort=1&lc=1&ppc=2&rc=1&st=1
ザ・ゲートホテル両国 by HULIC,東京都・両国,"2名税込19,155円〜",評価なし,https://www.ikyu.com/00002817/?discsort=1&lc=1&ppc=2&rc=1&st=1
ホテルメトロポリタン,東京都・池袋,"2名税込17,248円〜",評価なし,https://www.ikyu.com/00000131/?discsort=1&lc=1&ppc=2&rc=1&st=1
ザ・リッツ・カールトン東京,東京都・東京ミッドタウン・六本木駅直結,"ポイント2%（2,678円分）獲得",評価なし,https://www.ikyu.com/00001290/?discsort=1&lc=1&ppc=2&rc=1&st=1
リッチモンドホテルプレミア浅草,リッチモンドホテルプレミア浅草,"2名税込13,325円〜",評価なし,https://www.ikyu.com/00081057/?discsort=1&lc=1&ppc=2&rc=1&st=1
ホテル モンテ エルマーナ東京,ホテル モンテ エルマーナ東京,"2名税込20,790円〜",評価なし,https://www.ikyu.com/00082352/?discsort=1&lc=1&ppc=2&rc=1&st=1
浅草ビューホテル,東京都・つくばエクスプレス「浅草駅」直結,"2名税込21,060円〜",評価なし,https://www.ikyu.com/00000147/?discsort=1&lc=1&ppc=2&rc=1&st=1
HAMACHO HOTEL TOKYO,HAMACHO HOTEL TOKYO,"2名税込16,245円〜",評価なし,https://www.ikyu.com/00082596/?discsort=1&lc=1&ppc=2&rc=1&st=1
三井ガーデンホテル汐留イタリア街,東京都・浜松町駅徒歩8分,"2名税込16,562円〜",JR五反田駅より徒歩約1分。旅の拠点に最適な駅近の宿泊特化型ホテル,https://www.ikyu.com/00001281/?discsort=1&lc=1&ppc=2&rc=1&st=1
庭のホテル 東京,東京都・水道橋,"2名税込21,510円〜",評価なし,https://www.ikyu.com/00001547/?discsort=1&lc=1&ppc=2&rc=1&st=1
コンラッド東京,東京都・汐留・新橋,"ポイント2%（1,112円分）獲得",評価なし,https://www.ikyu.com/00000943/?discsort=1&lc=1&ppc=2&rc=1&st=1
ロッテシティホテル錦糸町,ロッテシティホテル錦糸町,"2名税込10,290円〜",評価なし,https://www.ikyu.com/00080240/?discsort=1&lc=1&ppc=2&rc=1&st=1
ホテル ザ セレスティン東京芝,東京都・芝公園,"2名税込21,150円〜",評価なし,https://www.ikyu.com/00000504/?discsort=1&lc=1&ppc=2&rc=1&st=1
由縁別邸 代田,由縁別邸 代田,"2名税込36,260円〜",評価なし,https://www.ikyu.com/00082073/?discsort=1&lc=1&ppc=2&rc=1&st=1
東急ステイ新橋,東急ステイ新橋,"2名税込12,460円〜",評価なし,https://www.ikyu.com/00081485/?discsort=1&lc=1&ppc=2&rc=1&st=1
二子玉川エクセルホテル東急,東京都・二子玉川,"2名税込17,125円〜",評価なし,https://www.ikyu.com/00002103/?discsort=1&lc=1&ppc=2&rc=1&st=1
ヴィラフォンテーヌ グランド 東京有明｜住友不動産,東京都・有明,"2名税込9,441円〜",評価なし,https://www.ikyu.com/00002770/?discsort=1&lc=1&ppc=2&rc=1&st=1
ヴィラフォンテーヌ プレミア 羽田空港｜住友不動産,東京都・羽田空港,"2名税込43,116円〜",評価なし,https://www.ikyu.com/00002769/?discsort=1&lc=1&ppc=2&rc=1&st=1
ザ ロイヤルパークホテル 東京羽田,東京都・羽田空港,"2名税込18,980円〜",評価なし,https://www.ikyu.com/00002024/?discsort=1&lc=1&ppc=2&rc=1&st=1
三井ガーデンホテル豊洲プレミア,東京都・豊洲,"2名税込25,872円〜",評価なし,https://www.ikyu.com/00002756/?discsort=1&lc=1&ppc=2&rc=1&st=1
東京プリンスホテル,東京都・都営三田線「御成門駅」A1出口徒歩1分,"2名税込23,384円〜",評価なし,https://www.ikyu.com/00000638/?discsort=1&lc=1&ppc=2&rc=1&st=1
ホテルメトロポリタン 丸の内,東京都・東京駅日本橋口直結,"2名税込32,076円〜",評価なし,https://www.ikyu.com/00001278/?discsort=1&lc=1&ppc=2&rc=1&st=1
ホテル ザ セレスティン銀座,東京都・銀座,"2名税込32,665円〜",評価なし,https://www.ikyu.com/00002429/?discsort=1&lc=1&ppc=2&rc=1&st=1
都シティ 東京高輪,都シティ 東京高輪,"2名税込17,504円〜",JR線、新幹線、京急線の品川駅や都営地下鉄浅草線の泉岳寺駅から徒歩約7分。JR山手線 高輪ゲートウェイ駅からは徒歩約8分。品川・高輪エリアは羽田空港からのアクセスもよく、東京観光やビジネスの拠点として最適。「都シティ 東京高輪」は「すてきな明日が動きだす。」をコンセプトに、質の高い眠りをお届けするオリジナルベッドや全室に洗い場付きの浴室を採用するなど、「すてきな明日」のために快適にお過ごしいただける客室を提供いたします。,https://www.ikyu.com/00081659/?discsort=1&lc=1&ppc=2&rc=1&st=1
フォーシーズンズホテル東京大手町,東京都・大手町ワンタワー・大手町駅直結,"2名税込126,450円〜",評価なし,https://www.ikyu.com/00002829/?discsort=1&lc=1&ppc=2&rc=1&st=1
JW マリオット・ホテル東京,東京都・港区,"ポイント2%（1,896円分）獲得",評価なし,https://www.ikyu.com/00003378/?discsort=1&lc=1&ppc=2&rc=1&st=1
ソラリア西鉄ホテル銀座,東京都・「東銀座駅」A2出口より徒歩1分,"2名税込23,520円〜",評価なし,https://www.ikyu.com/00001748/?discsort=1&lc=1&ppc=2&rc=1&st=1
JR東日本ホテルメッツ プレミア 五反田,JR東日本ホテルメッツ プレミア 五反田,"2名税込16,562円〜",JR五反田駅より徒歩約1分。旅の拠点に最適な駅近の宿泊特化型ホテル,https://www.ikyu.com/00081926/?discsort=1&lc=1&ppc=2&rc=1&st=1
ホテル インターコンチネンタル 東京ベイ by IHG,東京都・竹芝,"2名税込7,150円〜",JR水道橋駅徒歩1分、都営三田線水道橋駅徒歩6分と、交通の利便性に大変優れています。東京ドームシティ至近という好立地で、スポーツ観戦やコンサート、遊園地等のレジャーはもちろん、ビジネスの滞在拠点としてもご利用いただけます。また、神田川に面したオープンテラスとパブリックビューイングスクリーンなど、感動・興奮・喜びの「MOMENT(瞬間)」を共有するスペースを多数兼ね備えたゲスト同士のコミュニケーションの場を設えました。水道橋エリアで堪能したエンターテインメントの余韻をそのままにお楽しみいただける空間を提供します。,https://www.ikyu.com/00000079/?discsort=1&lc=1&ppc=2&rc=1&st=1
オークウッドホテル＆アパートメンツ麻布,東京都・東麻布,"2名税込30,184円〜",評価なし,https://www.ikyu.com/00002963/?discsort=1&lc=1&ppc=2&rc=1&st=1
ザ ロイヤルパークホテル 銀座6丁目,東京都・中央区,"2名税込25,972円〜",評価なし,https://www.ikyu.com/00003203/?discsort=1&lc=1&ppc=2&rc=1&st=1
グランド ハイアット 東京,東京都・六本木ヒルズ,"2名税込68,990円〜",ビジネス、カルチャー、グルメ、ファッションなどの最先端の情報や、商品が集まる国際的文化都市・東京の中心地、六本木に位置する高級ホテル、グランド ハイアット 東京。映画館やショッピングエリア、オフィスを含む六本木のランドマーク「六本木ヒルズ」の一画にあり、銀座のショッピング エリアや霞ヶ関の行政区域へのアクセスの良さも特徴です。館内には約200点のアートピースが置かれ、スタイリッシュでコンテンポラリーながらも厳選された天然素材が心地よい、ぬくもり溢れる空間となっています。10のレストラン・バーでは様々な種類の料理を、またジャズラウンジでは毎夜ライブエンターテイメントをお楽しみいただけます。スパエリアにはジェットバスやプール、ジムを完備しておりますので、旅の疲れを癒やしてゆったりとした時間をお過ごしください。,https://www.ikyu.com/00000662/?discsort=1&lc=1&ppc=2&rc=1&st=1
ザ・プリンス さくらタワー東京、オートグラフ コレクション,東京都・JR品川駅徒歩約3分,"2名税込60,364円〜",評価なし,https://www.ikyu.com/00000645/?discsort=1&lc=1&ppc=2&rc=1&st=1
東京ベイ潮見プリンスホテル,東京都・JR京葉線「潮見駅」より徒歩1分,"2名税込25,708円〜",評価なし,https://www.ikyu.com/00002736/?discsort=1&lc=1&ppc=2&rc=1&st=1
六本木ホテル S,東京都・六本木,"2名税込17,425円〜",評価なし,https://www.ikyu.com/00001883/?discsort=1&lc=1&ppc=2&rc=1&st=1
JR東日本ホテルメッツ プレミア 秋葉原,JR東日本ホテルメッツ プレミア 秋葉原,"2名税込15,582円〜",JR秋葉原駅徒歩約1分。旅の拠点に最適な駅近の宿泊特化型ホテル,https://www.ikyu.com/00081806/?discsort=1&lc=1&ppc=2&rc=1&st=1
三井ガーデンホテル京橋,三井ガーデンホテル京橋,"2名税込25,188円〜",東京駅より徒歩5分。日本の古きよき佇まいを残す日本橋、銀座エリアにもほど近い「三井ガーデンホテル京橋」は、訪れる人々を空港へ、観光地へ、オフィス、ショッピング街へと結ぶ、新しい旅の拠点。「京橋モダン」をコンセプトに、江戸の粋と遊び心を取り入れたデザイン空間でお迎えいたします。,https://www.ikyu.com/00081155/?discsort=1&lc=1&ppc=2&rc=1&st=1
Auberge TOKITO,東京都・立川市,"夕朝食付2名税込331,500円〜",評価なし,https://www.ikyu.com/00003160/?discsort=1&lc=1&ppc=2&rc=1&st=1
アスコット丸の内東京,東京都・東京駅まで徒歩10分,"2名税込69,546円〜",「アスコット丸の内東京」は、大手町駅直結・東京駅から徒歩10分の皇居を望む抜群のロケーションに位置し、1泊からのホテルライクなご滞在でも、1か月以上の長期滞在でも快適にお過ごし頂ける、ラグジュアリーなサービスアパートメントです。スタジオタイプから3ベッドルームまでの全130室の客室は、食器、調理器具、IHクッキングヒーター、電子レンジ、オーブン、冷蔵庫、洗濯乾燥機（一部の部屋を除く）を完備し、様々な目的や滞在スタイルに対応するお部屋をご用意しております。ご家族やお友達との集まりや、大切な方との特別な時間を心に刻んでいただくために、また、出張や長期赴任時にはビジネスの疲れを癒やす拠点として、ご自宅のようにリラックスしていただける、快適で上質なプライベート空間をご提供いたします。レストラン、ラウンジ、フィットネスジム、エクササイズプール、ガーデンテラス、会議室などの共用施設も充実しておりますので、お好みや目的に合った寛ぎのご滞在をお楽しみください。,https://www.ikyu.com/00002442/?discsort=1&lc=1&ppc=2&rc=1&st=1
THE AOYAMA GRAND HOTEL,東京都・外苑前,"2名税込68,600円〜",評価なし,https://www.ikyu.com/00002783/?discsort=1&lc=1&ppc=2&rc=1&st=1
プレミアホテル-CABIN PRESIDENT-東京,プレミアホテル-CABIN PRESIDENT-東京,"2名税込13,680円〜",評価なし,https://www.ikyu.com/00082565/?discsort=1&lc=1&ppc=2&rc=1&st=1
レム日比谷,レム日比谷,"2名税込15,390円〜",評価なし,https://www.ikyu.com/00080062/?discsort=1&lc=1&ppc=2&rc=1&st=1
新宿プリンスホテル,東京都・新宿駅から徒歩約5分・西武新宿駅直結,"2名税込21,814円〜",評価なし,https://www.ikyu.com/00001295/?discsort=1&lc=1&ppc=2&rc=1&st=1
パーク ハイアット 東京,東京都・西新宿,"2名税込136,990円〜",評価なし,https://www.ikyu.com/00000588/?discsort=1&lc=1&ppc=2&rc=1&st=1
シェラトン都ホテル東京,東京都・白金台,ポイント2%（652円分）獲得,評価なし,https://www.ikyu.com/00000209/?discsort=1&lc=1&ppc=2&rc=1&st=1
sequence SUIDOBASHI,sequence SUIDOBASHI,"2名税込11,460円〜",JR水道橋駅徒歩1分、都営三田線水道橋駅徒歩6分と、交通の利便性に大変優れています。東京ドームシティ至近という好立地で、スポーツ観戦やコンサート、遊園地等のレジャーはもちろん、ビジネスの滞在拠点としてもご利用いただけます。また、神田川に面したオープンテラスとパブリックビューイングスクリーンなど、感動・興奮・喜びの「MOMENT(瞬間)」を共有するスペースを多数兼ね備えたゲスト同士のコミュニケーションの場を設えました。水道橋エリアで堪能したエンターテインメントの余韻をそのままにお楽しみいただける空間を提供します。,https://www.ikyu.com/00082129/?discsort=1&lc=1&ppc=2&rc=1&st=1
ホテルヒラリーズ赤坂,ホテルヒラリーズ赤坂,"2名税込13,427円〜",評価なし,https://www.ikyu.com/00081517/?discsort=1&lc=1&ppc=2&rc=1&st=1
L stay&grow南砂町,L stay&grow南砂町,"2名税込7,150円〜",評価なし,https://www.ikyu.com/00082166/?discsort=1&lc=1&ppc=2&rc=1&st=1
アパホテル＆リゾート〈両国駅前タワー〉,アパホテル＆リゾート〈両国駅前タワー〉,"2名税込13,015円〜",地下鉄 永田町駅・麹町駅から徒歩4分・赤坂見附から徒歩8分東京・大手町・銀座・渋谷・新宿（都心拠点）に乗り換えなしの好アクセスが自慢です。全客室14階～22階の高層階、2008年にリニューアルした清潔な客室からはダイナミックな夜景がお楽しみいただけます。,https://www.ikyu.com/00081850/?discsort=1&lc=1&ppc=2&rc=1&st=1
ザ ロイヤルパークホテル アイコニック 東京汐留,東京都・汐留,"2名税込33,780円〜",新橋駅徒歩約3分・汐留駅徒歩約1分・銀座徒歩約6分の立地でビジネスにも観光にも便利。快適性と機能性を追及した、全室26階以上の高層ホテルです。“象徴的な”という意味を持つアイコニックは、東京・汐留の“象徴的な”おもてなしの拠点でありたい、という想いが込められています。アイコニックで過ごす時間（とき）がゲストにとってより美しいものとなるように、ロビーや客室のしつらえ、ゲストに寄り添うスタッフのおもてなしから生まれる心地よさを提供いたします。,https://www.ikyu.com/00000630/?discsort=1&lc=1&ppc=2&rc=1&st=1
JR九州ホテル ブラッサム新宿,東京都・新宿駅南口徒歩3分,"2名税込27,770円〜",評価なし,https://www.ikyu.com/00002025/?discsort=1&lc=1&ppc=2&rc=1&st=1
ホテルメトロポリタン 大井町トラックス,東京都・品川区,"2名税込17,150円〜",評価なし,https://www.ikyu.com/00003359/?discsort=1&lc=1&ppc=2&rc=1&st=1
ザ・ゲートホテル雷門 by HULIC,東京都・浅草,"2名税込20,752円〜",評価なし,https://www.ikyu.com/00001822/?discsort=1&lc=1&ppc=2&rc=1&st=1
トーセイホテル ココネ築地銀座プレミア,トーセイホテル ココネ築地銀座プレミア,"2名税込16,230円〜",トーセイホテル ココネ築地銀座プレミアから始まる心豊かな日本の旅。2023年9月、日本を代表する食の街「築地」にトーセイホテル初のシティホテルが開業。都営大江戸線「築地市場」駅から徒歩5分、東京メトロ日比谷線「築地」駅から7分。築地市場まで30秒、築地本願寺・新橋演舞場・歌舞伎座も徒歩圏内の好立地。和をしつらえた客室は、浴室・洗面・トイレの水回り3点独立型。築地の魅力と日本ならではのおもてなしで、「こころの音～ここね」を奏でます。,https://www.ikyu.com/00082559/?discsort=1&lc=1&ppc=2&rc=1&st=1
レム六本木,レム六本木,"2名税込12,262円〜",六本木交差点そば。高感度の人々が集う最先端でアートなエリア「六本木」は24時間眠らない街。“TIMELESS COOL”をデザインコンセプトに快眠のための飽きない寝室をご用意しました。【全室禁煙室 レディースフロア15階 BS放送視聴可 主なプランのチェックアウトは12時】ここにしかないホテルライフをお楽しみください。,https://www.ikyu.com/00081216/?discsort=1&lc=1&ppc=2&rc=1&st=1
東急ステイ四谷,東急ステイ四谷,"2名税込18,417円〜",「四ツ谷」駅から徒歩3分、ビジネスの拠点に最適。客室に洗濯乾燥機があるホテル。ゆとりを持たせた広めの客室と設備で、心身ともにリラックスできる安らぎの空間をご提案しますすべての客室に洗濯乾燥機・電子レンジを設置しており、連泊・中長期の滞在も快適にお過ごしいただけます。また、手軽に使用できるミニキッチンと、簡単な調理器具や食器をご用意しているお部屋もございます。※設備仕様は部屋タイプにより異なります。,https://www.ikyu.com/00081496/?discsort=1&lc=1&ppc=2&rc=1&st=1
ホテルJALシティ東京 豊洲,ホテルJALシティ東京 豊洲,"2名税込12,120円〜",評価なし,https://www.ikyu.com/00081796/?discsort=1&lc=1&ppc=2&rc=1&st=1
レム東京京橋,レム東京京橋,"2名税込18,810円〜",「東京駅」八重洲南口徒歩7分、東京メトロ銀座線「京橋駅」すぐ。京橋にプレミアムクールをデザインコンセプトに、快眠のための機能的な寝室をご用意しました。東京駅を起点に都内各地や地方都市へアクセス可能。徒歩約3分の都営浅草線「宝町駅」からは羽田空港まで乗り換えなしで約40分。飲食店を含む商業施設「東京エドグラン」、「京橋スクエアガーデン」もすぐ。銀座、日本橋も徒歩圏内と観光、ショッピングにアクセス抜群。,https://www.ikyu.com/00081684/?discsort=1&lc=1&ppc=2&rc=1&st=1
渋谷エクセルホテル東急,東京都・渋谷駅直結,"2名税込25,650円〜",人・ビジネス・ファッションが交差し、最新の情報文化を発信する街、渋谷。その中心にそびえ立つ憩いのステージが渋谷エクセルホテル東急です。駅に直結する絶好のロケーションは交通アクセスに優れ、都心の行動拠点としては最適。最上階25階には和洋2つのレストラン、多目的にご利用いただける会議・宴会場もございます。ゆとりとやすらぎに満ちた快適空間がくつろぎの時をお約束いたします。,https://www.ikyu.com/00000295/?discsort=1&lc=1&ppc=2&rc=1&st=1
ホテル龍名館東京,ホテル龍名館東京,"2名税込23,520円〜",評価なし,https://www.ikyu.com/00080520/?discsort=1&lc=1&ppc=2&rc=1&st=1
ザ・キタノホテル東京,東京都・永田町,"2名税込45,600円〜",評価なし,https://www.ikyu.com/00002578/?discsort=1&lc=1&ppc=2&rc=1&st=1
ホテルウィングインターナショナルセレクト池袋,ホテルウィングインターナショナルセレクト池袋,"2名税込7,244円〜",評価なし,https://www.ikyu.com/00081811/?discsort=1&lc=1&ppc=2&rc=1&st=1
ハイアット リージェンシー 東京,東京都・新宿西口,"2名税込49,588円〜",評価なし,https://www.ikyu.com/00000007/?discsort=1&lc=1&ppc=2&rc=1&st=1
都市センターホテル（リーガロイヤルホテルグループ）,都市センターホテル（リーガロイヤルホテルグループ）,"2名税込11,649円〜",地下鉄 永田町駅・麹町駅から徒歩4分・赤坂見附から徒歩8分東京・大手町・銀座・渋谷・新宿（都心拠点）に乗り換えなしの好アクセスが自慢です。全客室14階～22階の高層階、2008年にリニューアルした清潔な客室からはダイナミックな夜景がお楽しみいただけます。,https://www.ikyu.com/00080061/?discsort=1&lc=1&ppc=2&rc=1&st=1
東急ステイ高輪（泉岳寺駅前）,東急ステイ高輪（泉岳寺駅前）,"2名税込13,157円〜",評価なし,https://www.ikyu.com/00081482/?discsort=1&lc=1&ppc=2&rc=1&st=1
ベイサイドホテル アジュール竹芝・浜松町,ベイサイドホテル アジュール竹芝・浜松町,"2名税込18,400円〜",評価なし,https://www.ikyu.com/00081283/?discsort=1&lc=1&ppc=2&rc=1&st=1
メズム東京、オートグラフ コレクション,東京都・竹芝・浜松町,"ポイント5%（3,605円分）獲得",評価なし,https://www.ikyu.com/00002737/?discsort=1&lc=1&ppc=2&rc=1&st=1
ホテル　イースト21東京　～オークラホテルズ ＆ リゾーツ～,東京都・東陽町,"2名税込13,015円〜",評価なし,https://www.ikyu.com/00000107/?discsort=1&lc=1&ppc=2&rc=1&st=1
サンシャインシティプリンスホテル,東京都・池袋駅35番出口より徒歩約8分,"2名税込19,046円〜",JR上野駅から徒歩2分に位置し、地下鉄銀座線、また、上野動物園、美術館、アメ横など多くの見どころがあり、文化と歴史が息づく町として大変魅力があります。三井ガーデンホテル上野には、充実の設備と、宿泊の条件「安全」「安心」「快適」、そして心をこめて皆様をお迎えするスタッフ「人」がいます。ビジネス、観光、イベントや受験などの拠点として、皆様の快適なご宿泊をサポート致します。,https://www.ikyu.com/00000637/?discsort=1&lc=1&ppc=2&rc=1&st=1
三井ガーデンホテル五反田,三井ガーデンホテル五反田,"2名税込16,760円〜",評価なし,https://www.ikyu.com/00081464/?discsort=1&lc=1&ppc=2&rc=1&st=1
ダイワロイネットホテル東京京橋 PREMIER,ダイワロイネットホテル東京京橋 PREMIER,"2名税込16,150円〜",評価なし,https://www.ikyu.com/00081982/?discsort=1&lc=1&ppc=2&rc=1&st=1
東急ステイ西新宿,東急ステイ西新宿,"2名税込16,152円〜",評価なし,https://www.ikyu.com/00081495/?discsort=1&lc=1&ppc=2&rc=1&st=1
三井ガーデンホテル上野,三井ガーデンホテル上野,"2名税込17,190円〜",JR上野駅から徒歩2分に位置し、地下鉄銀座線、また、上野動物園、美術館、アメ横など多くの見どころがあり、文化と歴史が息づく町として大変魅力があります。三井ガーデンホテル上野には、充実の設備と、宿泊の条件「安全」「安心」「快適」、そして心をこめて皆様をお迎えするスタッフ「人」がいます。ビジネス、観光、イベントや受験などの拠点として、皆様の快適なご宿泊をサポート致します。,https://www.ikyu.com/00080295/?discsort=1&lc=1&ppc=2&rc=1&st=1
ダイワロイネットホテル銀座 PREMIER,東京都・銀座,"2名税込24,300円〜",評価なし,https://www.ikyu.com/00002189/?discsort=1&lc=1&ppc=2&rc=1&st=1
SOIL Nihonbashi Hotel,SOIL Nihonbashi Hotel,"2名税込30,550円〜",評価なし,https://www.ikyu.com/00031252/?discsort=1&lc=1&ppc=2&rc=1&st=1
リッチモンドホテル東京水道橋,リッチモンドホテル東京水道橋,"2名税込10,976円〜",評価なし,https://www.ikyu.com/00080971/?discsort=1&lc=1&ppc=2&rc=1&st=1
ONSEN RYOKAN YUEN SHINJUKU（温泉旅館　由縁　新宿）,ONSEN RYOKAN YUEN SHINJUKU（温泉旅館　由縁　新宿）,"2名税込25,246円〜",評価なし,https://www.ikyu.com/00081732/?discsort=1&lc=1&ppc=2&rc=1&st=1
京王プラザホテル八王子,東京都・JR八王子駅前,"2名税込13,600円〜",評価なし,https://www.ikyu.com/00000880/?discsort=1&lc=1&ppc=2&rc=1&st=1
ホテルルートインGrand東京東陽町,ホテルルートインGrand東京東陽町,"2名税込11,468円〜",評価なし,https://www.ikyu.com/00081683/?discsort=1&lc=1&ppc=2&rc=1&st=1
ホテル ケヤキゲート 東京府中,ホテル ケヤキゲート 東京府中,"2名税込9,162円〜",評価なし,https://www.ikyu.com/00082318/?discsort=1&lc=1&ppc=2&rc=1&st=1
京急EXイン東京・日本橋,京急EXイン東京・日本橋,"2名税込10,486円〜",評価なし,https://www.ikyu.com/00081976/?discsort=1&lc=1&ppc=2&rc=1&st=1
JR東日本ホテルメッツ 目白,JR東日本ホテルメッツ 目白,"2名税込9,212円〜",評価なし,https://www.ikyu.com/00080602/?discsort=1&lc=1&ppc=2&rc=1&st=1
京王プレッソイン東京駅八重洲,京王プレッソイン東京駅八重洲,"2名税込18,125円〜",評価なし,https://www.ikyu.com/00081294/?discsort=1&lc=1&ppc=2&rc=1&st=1
ホテルアラマンダ青山,東京都・外苑前駅より徒歩1分,"2名税込51,403円〜",評価なし,https://www.ikyu.com/00002299/?discsort=1&lc=1&ppc=2&rc=1&st=1
京成リッチモンドホテル東京錦糸町,京成リッチモンドホテル東京錦糸町,"2名税込10,440円〜",評価なし,https://www.ikyu.com/00082322/?discsort=1&lc=1&ppc=2&rc=1&st=1
オークウッドプレミア東京（ホテル＆サービスアパートメント）,東京都・東京駅隣接　八重洲北口徒歩3分,"2名税込69,546円〜",評価なし,https://www.ikyu.com/00002283/?discsort=1&lc=1&ppc=2&rc=1&st=1
東京イーストサイドホテル櫂会,東京都・潮見,"2名税込12,876円〜",評価なし,https://www.ikyu.com/00002729/?discsort=1&lc=1&ppc=2&rc=1&st=1
三井ガーデンホテル大手町,三井ガーデンホテル大手町,"2名税込19,046円〜",評価なし,https://www.ikyu.com/00081439/?discsort=1&lc=1&ppc=2&rc=1&st=1
ベッセルイン高田馬場駅前,ベッセルイン高田馬場駅前,"2名税込7,480円〜",東京都江東区、JR京葉線「潮見」駅目の前に位置する新都市型ホテルです。東京駅から3駅7分、ディズニーリゾート舞浜駅へ3駅8分の好立地でビジネスや観光の拠点として最適です。また、東京ビッグサイト・お台場エリアにもアクセス良好で、あらゆるニーズにお応えします。館内の準天然　光明石温泉大浴殿(人工温泉)・露天風呂完備は宿泊者専用で無料。大好評を頂いております。,https://www.ikyu.com/00082510/?discsort=1&lc=1&ppc=2&rc=1&st=1
京成リッチモンドホテル東京門前仲町,京成リッチモンドホテル東京門前仲町,"2名税込9,800円〜",評価なし,https://www.ikyu.com/00081706/?discsort=1&lc=1&ppc=2&rc=1&st=1
ホテルミュッセ銀座名鉄,ホテルミュッセ銀座名鉄,"2名税込16,660円〜",評価なし,https://www.ikyu.com/00081438/?discsort=1&lc=1&ppc=2&rc=1&st=1
品川プリンスホテル Nタワー,東京都・品川駅（高輪口）より徒歩にて2分,"2名税込14,690円〜",国内外の玄関口品川駅徒歩2分。ビジネスの拠点に最適,https://www.ikyu.com/00001904/?discsort=1&lc=1&ppc=2&rc=1&st=1
東急ステイ青山プレミア,東急ステイ青山プレミア,"2名税込16,406円〜",評価なし,https://www.ikyu.com/00081497/?discsort=1&lc=1&ppc=2&rc=1&st=1
センチュリオンホテルレジデンシャル赤坂,センチュリオンホテルレジデンシャル赤坂,"2名税込9,114円〜",評価なし,https://www.ikyu.com/00081311/?discsort=1&lc=1&ppc=2&rc=1&st=1
リッチモンドホテル浅草,リッチモンドホテル浅草,"2名税込13,940円〜",評価なし,https://www.ikyu.com/00080786/?discsort=1&lc=1&ppc=2&rc=1&st=1
ヴィラフォンテーヌグランド東京汐留｜住友不動産,ヴィラフォンテーヌグランド東京汐留｜住友不動産,"2名税込8,143円〜",評価なし,https://www.ikyu.com/00080637/?discsort=1&lc=1&ppc=2&rc=1&st=1
ドーミーイン後楽園,ドーミーイン後楽園,"2名税込14,700円〜",都営地下鉄三田線・大江戸線「春日駅」A7出口より徒歩1分の好アクセス！東京ドームから徒歩圏内にありビジネスにも観光にも適した多彩な客室タイプをご用意しております。1階にはコンビニと書店があり東京の拠点として最適です。ドーミーイン自慢の男女別サウナ付大浴場と夜鳴きそば、朝食はご当地料理と小鉢横丁を揃えて、快適なご滞在をお約束いたします。,https://www.ikyu.com/00081573/?discsort=1&lc=1&ppc=2&rc=1&st=1
ホテルグランバッハ東京銀座,東京都・銀座,"2名税込38,790円〜",評価なし,https://www.ikyu.com/00002902/?discsort=1&lc=1&ppc=2&rc=1&st=1
京急EXイン東銀座,京急EXイン東銀座,"2名税込10,038円〜",評価なし,https://www.ikyu.com/00081179/?discsort=1&lc=1&ppc=2&rc=1&st=1
レムプラス銀座,レムプラス銀座,"2名税込19,670円〜",「新橋駅」銀座口徒歩約4分、東京メトロ「銀座駅」徒歩約7分。東京銀座の中心、銀座4丁目交差点やギンザシックスからも至近。グルメ・ショッピングはもちろん、観光やビジネスの拠点として最適な立地です。お湯に包まれるような新感覚のシャワーTOTO社製のウォームピラーを導入。「クラッシークール」を基調にダブルルーム・ツインルームで構成されたアップグレードな新しいレムで快適な眠りを。,https://www.ikyu.com/00081818/?discsort=1&lc=1&ppc=2&rc=1&st=1
JR東日本ホテルメッツ 大森,JR東日本ホテルメッツ 大森,"2名税込7,938円〜",JR大森駅中央改札直結！緑を感じる癒しの空間、ビジネスや観光の拠点に,https://www.ikyu.com/00082458/?discsort=1&lc=1&ppc=2&rc=1&st=1
三井ガーデンホテル銀座築地,東京都・中央区,"2名税込23,824円〜",東京旅の拠点に最適。充実した設備と多彩な客室で快適なホテルステイ,https://www.ikyu.com/00003216/?discsort=1&lc=1&ppc=2&rc=1&st=1
キンプトン新宿東京 by IHG,東京都・西新宿,"ポイント2%（1,240円分）獲得",評価なし,https://www.ikyu.com/00002760/?discsort=1&lc=1&ppc=2&rc=1&st=1
吉祥寺エクセルホテル東急,吉祥寺エクセルホテル東急,"2名税込16,420円〜",新しい上質感に出会える 心おどる“オアシス”吉祥寺のメインストリートに面し、近隣には人通りの絶えない人気の商店街や、話題の飲食店などが立ち並びます。また新宿や渋谷などの主要なターミナル駅からも公共交通機関で20分圏内と東京観光の拠点としても最適な立地です。,https://www.ikyu.com/00082468/?discsort=1&lc=1&ppc=2&rc=1&st=1
リッチモンドホテル東京目白,リッチモンドホテル東京目白,"2名税込10,780円〜",評価なし,https://www.ikyu.com/00080034/?discsort=1&lc=1&ppc=2&rc=1&st=1
高輪 花香路（グランドプリンスホテル高輪内）,東京都・JR品川駅徒歩約5分,"朝食付2名税込91,874円〜",評価なし,https://www.ikyu.com/00002372/?discsort=1&lc=1&ppc=2&rc=1&st=1
アパホテル＆リゾート〈東京ベイ潮見〉,アパホテル＆リゾート〈東京ベイ潮見〉,"2名税込7,650円〜",東京都江東区、JR京葉線「潮見」駅目の前に位置する新都市型ホテルです。東京駅から3駅7分、ディズニーリゾート舞浜駅へ3駅8分の好立地でビジネスや観光の拠点として最適です。また、東京ビッグサイト・お台場エリアにもアクセス良好で、あらゆるニーズにお応えします。館内の準天然　光明石温泉大浴殿(人工温泉)・露天風呂完備は宿泊者専用で無料。大好評を頂いております。,https://www.ikyu.com/00080711/?discsort=1&lc=1&ppc=2&rc=1&st=1
東急ステイ蒲田,東急ステイ蒲田,"2名税込7,480円〜",評価なし,https://www.ikyu.com/00081493/?discsort=1&lc=1&ppc=2&rc=1&st=1
JR東日本ホテルメッツ 渋谷,JR東日本ホテルメッツ 渋谷,"朝食付2名税込24,192円〜",お客様おひとりおひとりのニーズに合わせたやすらぎの空間をご用意いたします。東京メトロ四谷三丁目駅より徒歩約1分。新宿より電車で5分。東京の中心部に位置し、ビジネスや観光の拠点としてご利用いただけます。お部屋は自然と採光に恵まれ、ビジネス、レジャー、いずれの目的でご滞在されるお客様にも、洗練されたモダンシティーライフを堪能していただける空間をご用意しております。安らぎを感じさせる木のぬくもり、暖かな灯りに包まれて、心ゆくまでおくつろぎください。,https://www.ikyu.com/00080601/?discsort=1&lc=1&ppc=2&rc=1&st=1
"BELLUSTAR TOKYO, A Pan Pacific Hotel",東京都・新宿,"2名税込88,514円〜",評価なし,https://www.ikyu.com/00003000/?discsort=1&lc=1&ppc=2&rc=1&st=1
inumo 芝公園 by Villa Fontaine,inumo 芝公園 by Villa Fontaine,"2名税込22,898円〜",評価なし,https://www.ikyu.com/00082459/?discsort=1&lc=1&ppc=2&rc=1&st=1
パークホテル東京,東京都・汐留,"2名税込30,400円〜",東京・汐留の高層階ホテル。全室26階以上に位置し、都心の景色を一望できます。汐留駅直結、新橋駅徒歩7分、お台場、銀座、成田・羽田空港などへのアクセス抜群。大きな窓から美しい景色を眺めて寛げるラウンジや、高さ30メートルの開放感あふれる宿泊者専用ラウンジ、季節の食を提供するレストラン、スパなどを備えます。地上から隔絶された静かな空間をアートが彩ります。日本の四季を表す展示や、国内外アーティストの作品を飾る９フロアの展示など、計400点以上の作品はホテルの落ち着いた空気に寄り添い、美術館のような雰囲気を作り出します。高層階のホテルとアートの調和が生み出す静謐な非日常空間で、ゆっくり流れる時間をご堪能ください。,https://www.ikyu.com/00000665/?discsort=1&lc=1&ppc=2&rc=1&st=1
浅草ビューホテルアネックス六区,東京都・台東区,"2名税込28,424円〜",評価なし,https://www.ikyu.com/00002811/?discsort=1&lc=1&ppc=2&rc=1&st=1
第一ホテル両国,東京都・両国,"2名税込11,875円〜",評価なし,https://www.ikyu.com/00000184/?discsort=1&lc=1&ppc=2&rc=1&st=1
JR東日本ホテルメッツ プレミア 東京ベイ新木場,JR東日本ホテルメッツ プレミア 東京ベイ新木場,"2名税込9,702円〜",評価なし,https://www.ikyu.com/00081807/?discsort=1&lc=1&ppc=2&rc=1&st=1
ストリングスホテル東京インターコンチネンタル by IHG,東京都・品川・港南口より徒歩1分,"ポイント8%（4,032円分）獲得",品川の上空に壮大な吹抜けと眺望豊かな客室を持つストリングスホテル東京インターコンチネンタルは、東京の玄関口・品川駅に直結しており、東京の魅力を存分に楽しめる洗練された旅の拠点。新幹線を利用した旅行にも便利なロケーションにあります。大きな窓を配した客室は、モダンでありながら温かみを感じる空間。一日の疲れをそっと癒すシモンズ社製マットレスをご用意しています。ワンランク上の贅沢を味わいたい方は、クラブインターコンチネンタルを。26階の専用ラウンジでは、大都会のスカイビューと溶け合う特等席をご用意し、ご朝食やアフタヌーンティー、イブニングカクテルをはじめ、ゲスト一人ひとりのシーンに応じた、きめ細やかでパーソナルなサービスをお約束します。音を奏でるようなホテルステイを心ゆくまでご堪能ください。,https://www.ikyu.com/00000620/?discsort=1&lc=1&ppc=2&rc=1&st=1
アパホテル〈上野駅前〉,アパホテル〈上野駅前〉,"2名税込8,190円〜",評価なし,https://www.ikyu.com/00082272/?discsort=1&lc=1&ppc=2&rc=1&st=1
ホテルグランドアーク半蔵門（運営 帝国ホテルグループ）,東京都・半蔵門駅徒歩約2分,"2名税込23,400円〜",皇居半蔵門の前、国立劇場に隣接するホテルグランドアーク半蔵門。皇居のお堀、国会議事堂、東京タワーを一望できる客室からの美しい眺望が自慢です。また、東京駅から車で10分、霞ヶ関や永田町までのアクセスも便利で東京出張・観光の拠点として最適です。帝国ホテルグループが運営を担当しており、上質なホスピタリティでおもてなしいたします。,https://www.ikyu.com/00001550/?discsort=1&lc=1&ppc=2&rc=1&st=1
東京ベイ有明ワシントンホテル,東京ベイ有明ワシントンホテル,"2名税込10,030円〜",東京ベイ有明ワシントンホテルは、新交通ゆりかもめ「有明駅」・「東京ビッグサイト駅」、りんかい線「国際展示場駅」より徒歩3分のところに位置し、お台場・有明エリア内のホテルの中でも東京ビッグサイト（東京国際展示場）に1番近いホテルです。イベント関連でのご宿泊、その他出張、テレワークなど、様々なビジネスシーンに寄り添い、利便性と安らぎの時間をご提供いたします。また、東京ディズニーリゾート®グッドネイバーホテルとして、両パークへの送迎シャトルバスが毎日往復運行しており、ご宿泊の方は、事前予約にて無料でご乗車いただけます。その他、ホテル周辺には、有明ガーデンや豊洲市場、アクアシティお台場、レインボーブリッジ、Zepp DiverCityなど、1日では遊びきれない話題のスポットが豊富で、観光やレジャー、ショッピングの拠点としてのご利用にも最適です。,https://www.ikyu.com/00080290/?discsort=1&lc=1&ppc=2&rc=1&st=1
ALFIT HOTEL & BAR AKASAKA,ALFIT HOTEL & BAR AKASAKA,「ALL FIT FOR YOU」〜ゲストの様々な利用シーンにフィットする空間と時間を提供する〜2023年11月1日グランドオープン、客室は約14.5～45.0平米の全52室。コンパクトなスペースを有効活用した居心地の良い客室から、ご友人やパートナーとゆったりとくつろぐことができる広々とした客室まで、ご利用シーンやニーズに合わせてお選びいだけます。コミュニケーションの取りやすい円形スタンディングバーを中央に設置し、看板商品であるイタリアのスパークリングワイン、プロセッコ「ミオネット」のイメージカラーであるオレンジと黒で落ち着きと活気を演出しています。定番ハイボール、ビール（カールスバーグ）や軽食なども取りそろえています。,評価なし,https://www.ikyu.com/00082619/?discsort=1&lc=1&ppc=2&rc=1&st=1
銀座キャピタルホテル萌木（はとバス直営）,銀座キャピタルホテル萌木（はとバス直営）,"2名税込11,050円〜",評価なし,https://www.ikyu.com/00081680/?discsort=1&lc=1&ppc=2&rc=1&st=1
東急ステイ築地,東急ステイ築地,"2名税込12,798円〜",評価なし,https://www.ikyu.com/00081486/?discsort=1&lc=1&ppc=2&rc=1&st=1
ミレニアム 三井ガーデンホテル 東京,東京都・銀座,"2名税込39,326円〜",歌舞伎座に代表される日本文化の伝統と、西洋文化の先進性が融合してきた街、銀座。「ミレニアム 三井ガーデンホテル 東京」は、中心地である銀座４丁目交差点至近に位置し、東京観光の拠点として最適なロケーションです。,https://www.ikyu.com/00002059/?discsort=1&lc=1&ppc=2&rc=1&st=1
ホテルウィングインターナショナルプレミアム東京四谷,ホテルウィングインターナショナルプレミアム東京四谷,"2名税込13,255円〜",お客様おひとりおひとりのニーズに合わせたやすらぎの空間をご用意いたします。東京メトロ四谷三丁目駅より徒歩約1分。新宿より電車で5分。東京の中心部に位置し、ビジネスや観光の拠点としてご利用いただけます。お部屋は自然と採光に恵まれ、ビジネス、レジャー、いずれの目的でご滞在されるお客様にも、洗練されたモダンシティーライフを堪能していただける空間をご用意しております。安らぎを感じさせる木のぬくもり、暖かな灯りに包まれて、心ゆくまでおくつろぎください。,https://www.ikyu.com/00080968/?discsort=1&lc=1&ppc=2&rc=1&st=1
YUURO Bath-Living Hotel Ryogoku,YUURO Bath-Living Hotel Ryogoku,"2名税込47,952円〜",評価なし,https://www.ikyu.com/00052015/?discsort=1&lc=1&ppc=2&rc=1&st=1
ホテルグレイスリー新宿,ホテルグレイスリー新宿,"2名税込20,972円〜",評価なし,https://www.ikyu.com/00080998/?discsort=1&lc=1&ppc=2&rc=1&st=1
ザ ロイヤルパークキャンバス 銀座コリドー,東京都・中央区銀座,"2名税込31,590円〜",評価なし,https://www.ikyu.com/00003002/?discsort=1&lc=1&ppc=2&rc=1&st=1
THE skM TOKYO HOTEL&DINING 東京錦糸町,東京都・墨田区,"朝食付2名税込24,192円〜",評価なし,https://www.ikyu.com/00002945/?discsort=1&lc=1&ppc=2&rc=1&st=1
京急EXイン 羽田イノベーションシティ,京急EXイン 羽田イノベーションシティ,"2名税込8,280円〜",JR山手線「巣鴨駅」徒歩2分、都営三田線A4出口目の前！新宿・池袋・上野・東京など、山手線沿いで都心主要駅へ乗り換えなし！地下鉄都営三田線で東京ドーム、大手町、日比谷方面へもスムーズにアクセスできる最高の立地！静かで治安が良く安心して過ごせる街「巣鴨（すがも）」のランドマークホテルです！ビジネス・東京観光の拠点として、50型液晶テレビやアパホテルオリジナルベッド「Cloud Fit」等々、高品質・高機能を備えたお部屋と最上階の露天風呂付大浴殿でごゆっくりお過ごしください！,https://www.ikyu.com/00082066/?discsort=1&lc=1&ppc=2&rc=1&st=1
銀座クレストン,東京都・築地,"2名税込20,680円〜",評価なし,https://www.ikyu.com/00000449/?discsort=1&lc=1&ppc=2&rc=1&st=1
静鉄ホテルプレジオ東京田町,静鉄ホテルプレジオ東京田町,"2名税込14,970円〜",JR「田町」駅より徒歩5分、地下鉄「三田駅」より徒歩7分の好立地。品川駅や東京駅、羽田空港へもアクセスが便利で、ビジネス・観光拠点に最適なホテルです。客室は、全室洗い場付きのバスルームを完備し、機能的なデスクやシモンズ社製のベッドをご用意しております。ご滞在中はやすらぎのひとときをお過ごしください。朝食会場は、解放的な運河の景色を眺めながら「ちょっと贅沢な朝食」をコンセプトに、ライブキッチンでできたてのオムレツやフレンチトーストをお楽しみください。,https://www.ikyu.com/00081924/?discsort=1&lc=1&ppc=2&rc=1&st=1
アパホテル〈新宿御苑前〉,アパホテル〈新宿御苑前〉,"2名税込11,160円〜",評価なし,https://www.ikyu.com/00080940/?discsort=1&lc=1&ppc=2&rc=1&st=1
三井ガーデンホテル六本木プレミア,東京都・六本木駅より徒歩5分,"2名税込32,871円〜",評価なし,https://www.ikyu.com/00002708/?discsort=1&lc=1&ppc=2&rc=1&st=1
ホテルグレイスリー浅草,ホテルグレイスリー浅草,"2名税込16,680円〜",ホテルは雷門から徒歩約2～3分に位置し、都営浅草線浅草駅にも徒歩約3分と国内外のお客様の観光・レジャーの拠点として最適な立地です。ダブルルーム約18平米、ツインルーム約24平米の客室は全室禁煙、独立バスルーム完備でご自宅のようにゆったりとお寛ぎいただけます。コインランドリーやセルフチェックイン機、宿泊者ラウンジなどの設備も充実。皆様により快適な滞在をご提供いたします。,https://www.ikyu.com/00081580/?discsort=1&lc=1&ppc=2&rc=1&st=1
ホテルバーグランティオス別邸,ホテルバーグランティオス別邸,"2名税込10,780円〜",評価なし,https://www.ikyu.com/00081288/?discsort=1&lc=1&ppc=2&rc=1&st=1
伝馬の湯 ドーミーインPREMIUM東京小伝馬町,伝馬の湯 ドーミーインPREMIUM東京小伝馬町,"2名税込14,210円〜",東京都内のドーミーインでは2棟目のPREMIUMブランドがオープン。江戸文化の「粋」を随所に感じ取れる和モダンのデザインで、ビジネスにも観光にも適した多彩な客室タイプがございます。東京メトロ日比谷線「小伝馬町駅」3番出口から徒歩1分の好アクセス！東京駅へも、ホテルから徒歩約5分のJR総武快速線「新日本橋駅」から乗車1駅2分です。コンビニも至近にあり東京の拠点として最適です。ドーミーイン安心の超軟水大浴場と夜鳴きそば、朝食は約50種の和洋バイキングを揃えて、快適なご滞在をお約束いたします。,https://www.ikyu.com/00081211/?discsort=1&lc=1&ppc=2&rc=1&st=1
東武ホテルレバント東京,東京都・錦糸町,"2名税込14,880円〜",東京スカイツリー®まで1.5kmのオフィシャルホテル。東京スカイツリーを間近に望む絶景が魅力。東京ディズニーリゾート®のグットネイバーホテルなので宿泊者専用無料シャトルバスが毎日運行。錦糸町駅から徒歩3分、エアポートリムジンバスが羽田・成田両空港より乗り入れており、東京観光の拠点に便利です。,https://www.ikyu.com/00000172/?discsort=1&lc=1&ppc=2&rc=1&st=1
天然温泉 凌天の湯 御宿 野乃浅草別邸（ドーミーインチェーン）,天然温泉 凌天の湯 御宿 野乃浅草別邸（ドーミーインチェーン）,"2名税込17,150円〜",全館畳敷きの和風プレミアムホテル「御宿 野乃」ブランドとして、浅草エリア3店舗目が2024年1月16日にオープンいたします。つくば エクスプレス「浅草」駅 A1 出口(EV 有り)より徒歩約 4 分の好立地で、「浅草寺」や「花やしき」が目と鼻の先の距離にあり、観光の拠点としてご利用いただけます。観光ニーズにお応えするため、ファミリー向け客室を多くご用意しています。大浴場は、黒色で肌触りのよい“黒湯”の天然温泉を完備し、高温サウナ(セルフロウリュ)と 90cmの深さがある強冷水風呂、外気浴スペースもご用意しています。また、日本文化を感じられる日本画が施され、江戸時代にタイムスリップしたような気分を味わいながら湯浴みを楽しむことができます。お風呂あがりには、朝食は、旬の食材を使った小鉢横丁やご当地料理はもちろんのこと、約50 種類の和洋バイキングをごご用意しております。お夜食には、ドーミーイン名物のあっさり醤油ラーメン「夜鳴きそば」も無料でご用意しています。,https://www.ikyu.com/00082554/?discsort=1&lc=1&ppc=2&rc=1&st=1
ドーミーインPremium銀座,ドーミーインPremium銀座,"2名税込21,865円〜",評価なし,https://www.ikyu.com/00081905/?discsort=1&lc=1&ppc=2&rc=1&st=1
西鉄イン日本橋（人形町）,西鉄イン日本橋（人形町）,"2名税込10,062円〜",評価なし,https://www.ikyu.com/00080228/?discsort=1&lc=1&ppc=2&rc=1&st=1
リッチモンドホテル東京芝,リッチモンドホテル東京芝,"2名税込13,050円〜",評価なし,https://www.ikyu.com/00080059/?discsort=1&lc=1&ppc=2&rc=1&st=1
ザ ロイヤルパーク キャンバス 銀座８,ザ ロイヤルパーク キャンバス 銀座８,"2名税込27,212円〜",評価なし,https://www.ikyu.com/00081772/?discsort=1&lc=1&ppc=2&rc=1&st=1
ホテル日航立川 東京,東京都・立川,"2名税込8,921円〜",評価なし,https://www.ikyu.com/00002207/?discsort=1&lc=1&ppc=2&rc=1&st=1
アパホテル〈水道橋駅前〉,アパホテル〈水道橋駅前〉,"2名税込9,180円〜",評価なし,https://www.ikyu.com/00082696/?discsort=1&lc=1&ppc=2&rc=1&st=1
ダイワロイネットホテル新橋,ダイワロイネットホテル新橋,"2名税込13,034円〜",JR新橋駅「日比谷口」より徒歩3分。ビジネス・観光の拠点としてご利用いただける立地。夜は近隣に多くの飲食店があり、好みのお店探しも楽しみのひとつに！,https://www.ikyu.com/00081783/?discsort=1&lc=1&ppc=2&rc=1&st=1
ホテル東京ガーデンパレス,ホテル東京ガーデンパレス,"2名税込12,740円〜",評価なし,https://www.ikyu.com/00081428/?discsort=1&lc=1&ppc=2&rc=1&st=1
目黒ホリックホテル（旧ホテルレオン目黒）（2020年3月16日リブランドオー プン）,目黒ホリックホテル（旧ホテルレオン目黒）（2020年3月16日リブランドオー プン）,"2名税込16,070円〜",全室無料WiFi完備で観光やビジネスの拠点に最適。落ち着きと居心地の良さを兼ね備えた空間でくつろぎのひとときを。,https://www.ikyu.com/00081922/?discsort=1&lc=1&ppc=2&rc=1&st=1
アパホテル〈巣鴨駅前〉,アパホテル〈巣鴨駅前〉,"2名税込8,280円〜",JR山手線「巣鴨駅」徒歩2分、都営三田線A4出口目の前！新宿・池袋・上野・東京など、山手線沿いで都心主要駅へ乗り換えなし！地下鉄都営三田線で東京ドーム、大手町、日比谷方面へもスムーズにアクセスできる最高の立地！静かで治安が良く安心して過ごせる街「巣鴨（すがも）」のランドマークホテルです！ビジネス・東京観光の拠点として、50型液晶テレビやアパホテルオリジナルベッド「Cloud Fit」等々、高品質・高機能を備えたお部屋と最上階の露天風呂付大浴殿でごゆっくりお過ごしください！,https://www.ikyu.com/00081147/?discsort=1&lc=1&ppc=2&rc=1&st=1
新宿グランベルホテル,新宿グランベルホテル,"2名税込14,351円〜",恵比寿駅西口より徒歩5分！東京へのご旅行やビジネスの拠点に最適！VOD見放題＆バスソルトやアイマスクなどアメニティ取り放題。まだ知らない恵比寿に出会う、快適空間でくつろぎのひとときを！,https://www.ikyu.com/00080934/?discsort=1&lc=1&ppc=2&rc=1&st=1
ホテルリソル池袋,ホテルリソル池袋,"2名税込9,234円〜",評価なし,https://www.ikyu.com/00080809/?discsort=1&lc=1&ppc=2&rc=1&st=1
ホテルエミシア東京立川,ホテルエミシア東京立川,"2名税込9,800円〜",本館5階〜10階　124室、タワー館2階〜17階　127室、合計251室とエリア最大規模の客室数となっており、様々なタイプのお部屋をご用意しております。JR立川駅北口から徒歩2分というロケーションのため、立川を拠点にビジネスから観光まで幅広くご利用頂けます。都会の喧騒から離れた静けさと、落ち着いたインテリアの空間で、特別なひと時がお過ごしくださいませ。,https://www.ikyu.com/00082116/?discsort=1&lc=1&ppc=2&rc=1&st=1
天然温泉　豊穣の湯　ドーミーイン池袋,天然温泉　豊穣の湯　ドーミーイン池袋,"2名税込12,740円〜",評価なし,https://www.ikyu.com/00082173/?discsort=1&lc=1&ppc=2&rc=1&st=1
京成リッチモンドホテル東京押上,京成リッチモンドホテル東京押上,"2名税込12,052円〜",評価なし,https://www.ikyu.com/00082345/?discsort=1&lc=1&ppc=2&rc=1&st=1
三井ガーデンホテル銀座五丁目,三井ガーデンホテル銀座五丁目,"2名税込25,524円〜",東京メトロ・都営地下鉄「東銀座」駅徒歩1分、銀座・中央通りが近く、特に観光・レジャーの活動拠点として大変便利な立地。落ち着いた雰囲気の中にも、日本の伝統的な艶やかさ、煌びやかさを感じられるデザインを取り入れており、館内には伝統工芸・文化をモダンにアレンジしたアートを配し「江戸の粋」を随所に感じられる空間で皆様をお迎えいたします。ホテル2階には銀座の喧騒とは一線を画すゆったりとした宿泊者専用大浴場をご用意しており、一日の疲れをゆっくりと癒し、リフレッシュしていただけます。,https://www.ikyu.com/00081712/?discsort=1&lc=1&ppc=2&rc=1&st=1
新宿ワシントンホテル（本館）,新宿ワシントンホテル（本館）,"2名税込14,210円〜",アクセス抜群でビジネス・観光の拠点に最適です。新宿駅南口から地下道直結で徒歩約8分。羽田空港、成田空港からホテルまでの直通リムジンバスもございます。館内には充実したレストランやコンビニ、コインランドリーがあり出張や長期宿泊にも便利です。,https://www.ikyu.com/00080292/?discsort=1&lc=1&ppc=2&rc=1&st=1
ホテルトラスティ　東京ベイサイド,東京都・国際展示場駅,"2名税込10,780円〜",評価なし,https://www.ikyu.com/00001417/?discsort=1&lc=1&ppc=2&rc=1&st=1
ホテルマイステイズ立川,ホテルマイステイズ立川,"2名税込7,190円〜",評価なし,https://www.ikyu.com/00081193/?discsort=1&lc=1&ppc=2&rc=1&st=1
ザ・スクエアホテル銀座,ザ・スクエアホテル銀座,"2名税込18,620円〜",評価なし,https://www.ikyu.com/00081654/?discsort=1&lc=1&ppc=2&rc=1&st=1
東急ステイ銀座,東急ステイ銀座,"2名税込22,184円〜",銀座は言わずと知れた名所が点在し、有名百貨店や高級ブランド店、様々なジャンルの飲食店が立ち並び多くの人を魅了し続ける大人の街。東急ステイ銀座は「銀座駅」A7出口より徒歩3分、「東銀座駅」A2出口より徒歩1分。銀座と築地市場の両方が徒歩圏内で楽しめ、ビシネスや観光など幅広い宿泊ニーズに応えられる立地となっております。,https://www.ikyu.com/00081487/?discsort=1&lc=1&ppc=2&rc=1&st=1
KOKO HOTEL Premier 日本橋浜町,KOKO HOTEL Premier 日本橋浜町,"2名税込13,034円〜",浜町駅から徒歩約1分、新たな東京発見の旅の拠点に最適なホテル,https://www.ikyu.com/00082429/?discsort=1&lc=1&ppc=2&rc=1&st=1
全国町村会館（帝国ホテルグループ）,全国町村会館（帝国ホテルグループ）,"2名税込17,248円〜",評価なし,https://www.ikyu.com/00082460/?discsort=1&lc=1&ppc=2&rc=1&st=1
ヒルトン東京,東京都・新宿西口,ポイント2%（704円分）獲得,評価なし,https://www.ikyu.com/00000029/?discsort=1&lc=1&ppc=2&rc=1&st=1
JR東日本ホテルメッツ 高円寺,JR東日本ホテルメッツ 高円寺,新宿まで電車で約7分！東京観光・ビジネス滞在に便利な高円寺駅直結ホテル,評価なし,https://www.ikyu.com/00080604/?discsort=1&lc=1&ppc=2&rc=1&st=1
相鉄グランドフレッサ 東京ベイ有明,相鉄グランドフレッサ 東京ベイ有明,"2名税込11,440円〜",りんかい線国際展示場駅、ゆりかもめ東京ビッグサイト駅より徒歩3分。東京ビッグサイトまで徒歩5分、お台場までも徒歩圏内でビジネスやレジャーの拠点に便利な立地です。東京ディズニーリゾート(R)グッドネイバーホテルであり、両パークまではグッドネイバーホテル・シャトルバスがご宿泊の方限定の無料サービスとして往復で運行中。羽田空港、成田空港までのリムジンバスもございます。館内にはレストランやカフェをはじめ、24時間営業のコンビニエンスストア、コインランドリー、電子レンジと充実の設備。豊富なフリーアメニティ、24時間対応のフロント、館内無料Wi-fi、非接触型のICカードキー等を備え、安心かつ快適にお過ごしいただけます。17階以上のプレミアムフロアのお部屋は、全室バス・トイレ別/電子レンジ完備でワンランク上のホテルステイを味わえます。,https://www.ikyu.com/00080265/?discsort=1&lc=1&ppc=2&rc=1&st=1
ホテルローズガーデン新宿,ホテルローズガーデン新宿,"2名税込15,272円〜",評価なし,https://www.ikyu.com/00081678/?discsort=1&lc=1&ppc=2&rc=1&st=1
恵比寿ホリックホテル,恵比寿ホリックホテル,"2名税込26,906円〜",恵比寿駅西口より徒歩5分！東京へのご旅行やビジネスの拠点に最適！VOD見放題＆バスソルトやアイマスクなどアメニティ取り放題。まだ知らない恵比寿に出会う、快適空間でくつろぎのひとときを！,https://www.ikyu.com/00081601/?discsort=1&lc=1&ppc=2&rc=1&st=1
京急EXホテル高輪（2026年2月27日リニューアルオープン）,京急EXホテル高輪（2026年2月27日リニューアルオープン）,"2名税込14,994円〜",評価なし,https://www.ikyu.com/00080772/?discsort=1&lc=1&ppc=2&rc=1&st=1
DEL style 池袋東口 by Daiwa Roynet Hotel,DEL style 池袋東口 by Daiwa Roynet Hotel,"2名税込14,351円〜",評価なし,https://www.ikyu.com/00082164/?discsort=1&lc=1&ppc=2&rc=1&st=1
京急EXイン浜松町・大門駅前,京急EXイン浜松町・大門駅前,"2名税込7,836円〜",ホテル周辺には和洋中の幅広い飲食店が立ち並び、百貨店の伊勢丹、マルイ、映画館、老舗の寄席である新宿末廣亭や新宿御苑もすぐそばに。先進性と古い文化が交差する新宿三丁目なら、大人のグルメ・ショッピング・観光も楽しめ、ビジネスの拠点としても最適です。シンプルでありながら落ち着きのある雰囲気で、長期滞在でも「いつものように」「自分らしく」過ごして頂けるようなサービスをご提供致します。,https://www.ikyu.com/00081674/?discsort=1&lc=1&ppc=2&rc=1&st=1
クインテッサホテル東京羽田 Comic&Books,クインテッサホテル東京羽田 Comic&Books,"2名税込7,695円〜",評価なし,https://www.ikyu.com/00081456/?discsort=1&lc=1&ppc=2&rc=1&st=1
京急EXイン京急蒲田駅前,京急EXイン京急蒲田駅前,"2名税込7,296円〜",評価なし,https://www.ikyu.com/00082410/?discsort=1&lc=1&ppc=2&rc=1&st=1
JR東日本ホテルメッツ 立川,JR東日本ホテルメッツ 立川,"2名税込10,682円〜",評価なし,https://www.ikyu.com/00080608/?discsort=1&lc=1&ppc=2&rc=1&st=1
新宿ワシントンホテル ANNEX（別館）,新宿ワシントンホテル ANNEX（別館）,"2名税込14,308円〜",アクセス抜群でビジネス・観光の拠点に最適です。新宿駅南口から地下道直結で徒歩約8分。羽田空港、成田空港からホテルまでの直通リムジンバスもございます。館内には充実したレストランやコンビニ、コインランドリーがあり出張や長期宿泊にも便利です。,https://www.ikyu.com/00080291/?discsort=1&lc=1&ppc=2&rc=1&st=1
ザ・ライブリー東京麻布十番（THE LIVELY 東京麻布十番）,東京都・大江戸線　麻布十番駅より徒歩3分,"2名税込23,410円〜",評価なし,https://www.ikyu.com/00002712/?discsort=1&lc=1&ppc=2&rc=1&st=1
東急ステイ水道橋,東急ステイ水道橋,"2名税込12,624円〜",評価なし,https://www.ikyu.com/00081484/?discsort=1&lc=1&ppc=2&rc=1&st=1
吉祥寺東急REIホテル,吉祥寺東急REIホテル,"2名税込14,308円〜",吉祥寺東急REIホテルは、「吉祥寺駅」から徒歩1分と最高のロケーション。都心からのアクセスも抜群なので「東京観光」の拠点としても最適！●井の頭恩賜公園・・・・・・・徒歩3分●三鷹の森ジブリ美術館・・・・徒歩17分●神代植物公園・深大寺・・・・吉祥寺駅よりバス25分■新宿まで・・・・・・・・・・JR吉祥寺駅より中央線で15分■渋谷まで・・・・・・・・・・京王井の頭線「吉祥寺駅」より急行で16分■東京駅まで・・・・・・・・・JR吉祥寺駅より中央線で30分○東京ディズニーリゾート®・・吉祥寺駅よりJR利用で「舞浜駅」下車約60分○お台場・・・・・・・・・・・吉祥寺駅より京王井の頭線・地下鉄等乗り継いで「東京テレポート駅」下車約50分○東京タワー・・・・・・・・・吉祥寺駅よりJR・地下鉄等乗り継いで「赤羽橋駅」下車約40分,https://www.ikyu.com/00080884/?discsort=1&lc=1&ppc=2&rc=1&st=1
コートヤード・バイ・マリオット 東京ステーション,東京都・京橋駅隣接・東京駅 徒歩約4分,ポイント2%（846円分）獲得,評価なし,https://www.ikyu.com/00001982/?discsort=1&lc=1&ppc=2&rc=1&st=1
東急ステイ用賀,東急ステイ用賀,"2名税込13,014円〜",評価なし,https://www.ikyu.com/00081499/?discsort=1&lc=1&ppc=2&rc=1&st=1
ロワジールホテル品川シーサイド,ロワジールホテル品川シーサイド,"2名税込9,500円〜",評価なし,https://www.ikyu.com/00082378/?discsort=1&lc=1&ppc=2&rc=1&st=1
JR東日本ホテルメッツ 国分寺,JR東日本ホテルメッツ 国分寺,"2名税込9,212円〜",評価なし,https://www.ikyu.com/00080606/?discsort=1&lc=1&ppc=2&rc=1&st=1
アパホテル〈新宿 歌舞伎町タワー〉,アパホテル〈新宿 歌舞伎町タワー〉,"2名税込10,625円〜",評価なし,https://www.ikyu.com/00081041/?discsort=1&lc=1&ppc=2&rc=1&st=1
ヴィラフォンテーヌ東京日本橋三越前｜住友不動産,ヴィラフォンテーヌ東京日本橋三越前｜住友不動産,"2名税込9,510円〜",評価なし,https://www.ikyu.com/00080630/?discsort=1&lc=1&ppc=2&rc=1&st=1
ダブルツリーbyヒルトン東京有明,東京都・江東区,ポイント2%（374円分）獲得,評価なし,https://www.ikyu.com/00003298/?discsort=1&lc=1&ppc=2&rc=1&st=1
the b 赤坂見附,the b 赤坂見附,"2名税込12,555円〜",評価なし,https://www.ikyu.com/00080512/?discsort=1&lc=1&ppc=2&rc=1&st=1
JR東日本ホテルメッツ 駒込,JR東日本ホテルメッツ 駒込,"2名税込9,702円〜",JR山手線、地下鉄南北線駒込駅徒歩1分の好立地。都心にある閑静な街～駒込～。ビジネス、観光の拠点として恵まれたロケーション。窓面のワイドデスクは、広々スペース。ベッドはシモンズ社ポケットコイルマットレス。お好きなタイミングで様々な映画が楽しめるVOD。更に足を伸ばせる大きなバスタブ＆個別空調で身も心もリラックスできます。～駅への距離も快適のひとつです～～駅と明日をつなぐ夜～ホテルメッツ駒込でお待ちしております。,https://www.ikyu.com/00080603/?discsort=1&lc=1&ppc=2&rc=1&st=1
ホテルマイステイズ御茶ノ水 コンファレンスセンター,ホテルマイステイズ御茶ノ水 コンファレンスセンター,"2名税込8,624円〜",評価なし,https://www.ikyu.com/00080271/?discsort=1&lc=1&ppc=2&rc=1&st=1
東急ステイ新宿,東急ステイ新宿,"2名税込20,856円〜",ホテル周辺には和洋中の幅広い飲食店が立ち並び、百貨店の伊勢丹、マルイ、映画館、老舗の寄席である新宿末廣亭や新宿御苑もすぐそばに。先進性と古い文化が交差する新宿三丁目なら、大人のグルメ・ショッピング・観光も楽しめ、ビジネスの拠点としても最適です。シンプルでありながら落ち着きのある雰囲気で、長期滞在でも「いつものように」「自分らしく」過ごして頂けるようなサービスをご提供致します。,https://www.ikyu.com/00081489/?discsort=1&lc=1&ppc=2&rc=1&st=1
Tマークシティホテル東京大森,Tマークシティホテル東京大森,"2名税込7,836円〜",評価なし,https://www.ikyu.com/00081527/?discsort=1&lc=1&ppc=2&rc=1&st=1
ドーミーインPREMIUM渋谷神宮前,ドーミーインPREMIUM渋谷神宮前,"2名税込16,125円〜",東京駅より徒歩15分。メトロ八丁堀駅から徒歩1分、JR八丁堀駅より徒歩4分。メトロ茅場町より徒歩5分。TDRや東京スカイツリー®、浅草のご観光にも利便性の良い立地で東京ステイの拠点に新しい贅沢空間をお届け。贅沢な空間とは、快適のひとつに過ぎません。都心でくつろげる、広い部屋と落ち着いた空間。全部屋24㎡以上のゆとりある客室。快適な眠りを追求したサータ社ベッドをご用意いたしました。ベッド1台の部屋からベッド3台のお部屋まで、ビジネスでもレジャーでも「疲れを癒せる」環境をご提供。出張の際はもちろん、ご家族での旅行にもご利用下さい。,https://www.ikyu.com/00080854/?discsort=1&lc=1&ppc=2&rc=1&st=1
京王プレッソイン日本橋茅場町,京王プレッソイン日本橋茅場町,"2名税込10,345円〜",評価なし,https://www.ikyu.com/00080161/?discsort=1&lc=1&ppc=2&rc=1&st=1
高濃度炭酸泉 八重桜の湯 スーパーホテルPremier東京駅八重洲中央口,高濃度炭酸泉 八重桜の湯 スーパーホテルPremier東京駅八重洲中央口,"2名税込20,482円〜",評価なし,https://www.ikyu.com/00080901/?discsort=1&lc=1&ppc=2&rc=1&st=1
ホテルマイステイズ飯田橋,ホテルマイステイズ飯田橋,"2名税込9,212円〜",評価なし,https://www.ikyu.com/00082718/?discsort=1&lc=1&ppc=2&rc=1&st=1
イチホテル浅草橋,イチホテル浅草橋,"2名税込10,300円〜",評価なし,https://www.ikyu.com/00081663/?discsort=1&lc=1&ppc=2&rc=1&st=1
アパホテル＆リゾート〈西新宿五丁目駅タワー〉,アパホテル＆リゾート〈西新宿五丁目駅タワー〉,"2名税込9,090円〜",評価なし,https://www.ikyu.com/00081452/?discsort=1&lc=1&ppc=2&rc=1&st=1
JR東日本ホテルメッツ 赤羽,JR東日本ホテルメッツ 赤羽,"2名税込8,330円〜",評価なし,https://www.ikyu.com/00080609/?discsort=1&lc=1&ppc=2&rc=1&st=1
hotel MONday Premium 豊洲,hotel MONday Premium 豊洲,"2名税込9,228円〜",評価なし,https://www.ikyu.com/00081682/?discsort=1&lc=1&ppc=2&rc=1&st=1
アパホテル〈品川 泉岳寺駅前〉,アパホテル〈品川 泉岳寺駅前〉,"2名税込8,100円〜",評価なし,https://www.ikyu.com/00081043/?discsort=1&lc=1&ppc=2&rc=1&st=1
相鉄グランドフレッサ 高田馬場,相鉄グランドフレッサ 高田馬場,"2名税込19,860円〜",JR・東京メトロ「東西線」・西武新宿線が乗り入れており3線が利用できアクセス抜群 新宿駅・池袋駅までどちらも2駅約5分の好立地。東西線利用で「神楽坂」まで約5分や「九段下」まで約10分、ビジネス街の「大手町」「日本橋」まで約20分と乗り換えなし。全館浄水システムを完備し、客室はインターネットテレビで 動画配信サービスなどご覧頂け、ビジネスはもちろん、観光の拠点として幅広いお客様にご利用頂けます。,https://www.ikyu.com/00082413/?discsort=1&lc=1&ppc=2&rc=1&st=1
the b 八王子,the b 八王子,"2名税込6,400円〜",評価なし,https://www.ikyu.com/00080121/?discsort=1&lc=1&ppc=2&rc=1&st=1
パールホテル新宿曙橋,パールホテル新宿曙橋,"2名税込8,613円〜",評価なし,https://www.ikyu.com/00081693/?discsort=1&lc=1&ppc=2&rc=1&st=1
ヴィラフォンテーヌ グランド 東京六本木｜住友不動産,ヴィラフォンテーヌ グランド 東京六本木｜住友不動産,"2名税込25,019円〜",評価なし,https://www.ikyu.com/00080638/?discsort=1&lc=1&ppc=2&rc=1&st=1
HOTEL みなと 麻布十番,HOTEL みなと 麻布十番,"朝食付2名税込36,960円〜",評価なし,https://www.ikyu.com/00082282/?discsort=1&lc=1&ppc=2&rc=1&st=1
ホテルココ・グラン北千住,ホテルココ・グラン北千住,"2名税込13,230円〜",評価なし,https://www.ikyu.com/00080664/?discsort=1&lc=1&ppc=2&rc=1&st=1
リッチモンドホテル東京武蔵野,リッチモンドホテル東京武蔵野,"2名税込13,286円〜",評価なし,https://www.ikyu.com/00080011/?discsort=1&lc=1&ppc=2&rc=1&st=1
ホテル オリエンタル エクスプレス 東京蒲田,ホテル オリエンタル エクスプレス 東京蒲田,"2名税込8,363円〜",評価なし,https://www.ikyu.com/00081833/?discsort=1&lc=1&ppc=2&rc=1&st=1
アパホテル〈六本木SIX〉,アパホテル〈六本木SIX〉,"2名税込7,650円〜",評価なし,https://www.ikyu.com/00082075/?discsort=1&lc=1&ppc=2&rc=1&st=1
the b 池袋,the b 池袋,"2名税込5,630円〜",評価なし,https://www.ikyu.com/00080120/?discsort=1&lc=1&ppc=2&rc=1&st=1
ホテルサードニクス東京,ホテルサードニクス東京,"2名税込16,125円〜",東京駅より徒歩15分。メトロ八丁堀駅から徒歩1分、JR八丁堀駅より徒歩4分。メトロ茅場町より徒歩5分。TDRや東京スカイツリー®、浅草のご観光にも利便性の良い立地で東京ステイの拠点に新しい贅沢空間をお届け。贅沢な空間とは、快適のひとつに過ぎません。都心でくつろげる、広い部屋と落ち着いた空間。全部屋24㎡以上のゆとりある客室。快適な眠りを追求したサータ社ベッドをご用意いたしました。ベッド1台の部屋からベッド3台のお部屋まで、ビジネスでもレジャーでも「疲れを癒せる」環境をご提供。出張の際はもちろん、ご家族での旅行にもご利用下さい。,https://www.ikyu.com/00080594/?discsort=1&lc=1&ppc=2&rc=1&st=1
ホテルマリナーズコート東京,ホテルマリナーズコート東京,"2名税込7,030円〜",銀座の中心、四丁目交差点から徒歩3分の好立地。日本人の理想の寝心地に合わせて開発したオリジナルベッド、やわらかな陰影を演出する間接照明、細部にまでこだわった客室づくりを追求しました。さらに魅力を加えたコンセプトルームや、高機能シャワーヘッドやドライヤー等を完備したReFaルームなど、お客様の様々なニーズにお応えできるよう、各種お部屋タイプをご用意しております。また、各客室フロアへの入り口には、カードキーによるセキュリティー強化を図り、安心安全にも配慮。納得のコストパフォーマンスで、快適なホテルライフときめ細やかなサービスをご提供いたします。,https://www.ikyu.com/00082719/?discsort=1&lc=1&ppc=2&rc=1&st=1
東急ステイ新宿イーストサイド,東急ステイ新宿イーストサイド,"2名税込21,658円〜",評価なし,https://www.ikyu.com/00082208/?discsort=1&lc=1&ppc=2&rc=1&st=1
ヴィラフォンテーヌ東京九段下｜住友不動産,ヴィラフォンテーヌ東京九段下｜住友不動産,"2名税込9,186円〜",評価なし,https://www.ikyu.com/00080634/?discsort=1&lc=1&ppc=2&rc=1&st=1
変なホテルプレミア東京 浅草田原町,変なホテルプレミア東京 浅草田原町,"2名税込11,228円〜",評価なし,https://www.ikyu.com/00082238/?discsort=1&lc=1&ppc=2&rc=1&st=1
ホテルリソルステイ秋葉原,ホテルリソルステイ秋葉原,"2名税込12,300円〜",リソルが提案する新しいホテルステイJR秋葉原駅から徒歩3分。ビジネス利用・観光拠点・中長期滞在などに。リソルスタイルのくつろぎの客室と多様な機能を持つリビングロビー。さまざまな用途やシーンに応じた快適で心地よいホテルステイが叶います。,https://www.ikyu.com/00082324/?discsort=1&lc=1&ppc=2&rc=1&st=1
東急ステイ目黒祐天寺,東急ステイ目黒祐天寺,"2名税込12,067円〜",評価なし,https://www.ikyu.com/00081492/?discsort=1&lc=1&ppc=2&rc=1&st=1
レンブラントスタイル東京西葛西グランデ,レンブラントスタイル東京西葛西グランデ,"2名税込7,370円〜",評価なし,https://www.ikyu.com/00081310/?discsort=1&lc=1&ppc=2&rc=1&st=1
the b 銀座,the b 銀座,"2名税込17,550円〜",評価なし,https://www.ikyu.com/00082465/?discsort=1&lc=1&ppc=2&rc=1&st=1
アパホテル&リゾート〈六本木駅東〉,アパホテル&リゾート〈六本木駅東〉,"2名税込8,100円〜",評価なし,https://www.ikyu.com/00082455/?discsort=1&lc=1&ppc=2&rc=1&st=1
東急ステイ渋谷 恵比寿,東京都・渋谷区,"2名税込23,462円〜",評価なし,https://www.ikyu.com/00003434/?discsort=1&lc=1&ppc=2&rc=1&st=1
天然温泉 凌雲の湯 御宿 野乃浅草（ドーミーインチェーン）,天然温泉 凌雲の湯 御宿 野乃浅草（ドーミーインチェーン）,"2名税込18,620円〜",評価なし,https://www.ikyu.com/00081829/?discsort=1&lc=1&ppc=2&rc=1&st=1
銀座ホテル by グランベル,銀座ホテル by グランベル,"2名税込36,162円〜",評価なし,https://www.ikyu.com/00082494/?discsort=1&lc=1&ppc=2&rc=1&st=1
ダイワロイネットホテル西新宿 PREMIER,ダイワロイネットホテル西新宿 PREMIER,"2名税込13,160円〜",交通至便の副都心・新宿に近いオフィス街の「西新宿駅」より徒歩約5分に位置し、落ちつきのある上質な空間で静かなくつろぎのひとときをお過ごしください。客室は全280室に「シモンズベッド」と美容ブランド「ReFa」のドライヤーを導入し、ユニバーサルダブルルームを除き、全室バス・トイレ別のセミセパレート、又は完全セパレートを採用。一人旅からファミリーまでニーズに合わせて多種多様な客室をご用意しております。東京はもちろん関東圏でのビジネス・観光の拠点にぜひご利用ください。,https://www.ikyu.com/00081612/?discsort=1&lc=1&ppc=2&rc=1&st=1
センチュリオンホテルグランド赤坂,センチュリオンホテルグランド赤坂,"2名税込9,800円〜",2013年10月31日グランドオープン！ショートステイからロング・ステイまであらゆるニーズに対応するデザイナーズホテル。赤坂見附駅から徒歩2分、赤坂駅から徒歩3分の好立地。観光利用の拠点にも最適です。全室wi-fi接続無料。,https://www.ikyu.com/00080931/?discsort=1&lc=1&ppc=2&rc=1&st=1
ホテル龍名館お茶の水本店,東京都・お茶の水／淡路町,"2名税込46,354円〜",評価なし,https://www.ikyu.com/00002033/?discsort=1&lc=1&ppc=2&rc=1&st=1
シタディーンセントラル新宿東京,シタディーンセントラル新宿東京,"2名税込21,168円〜",評価なし,https://www.ikyu.com/00080763/?discsort=1&lc=1&ppc=2&rc=1&st=1
ホテルグレイスリー銀座,ホテルグレイスリー銀座,"2名税込18,014円〜",銀座の中心、四丁目交差点から徒歩3分の好立地。日本人の理想の寝心地に合わせて開発したオリジナルベッド、やわらかな陰影を演出する間接照明、細部にまでこだわった客室づくりを追求しました。さらに魅力を加えたコンセプトルームや、高機能シャワーヘッドやドライヤー等を完備したReFaルームなど、お客様の様々なニーズにお応えできるよう、各種お部屋タイプをご用意しております。また、各客室フロアへの入り口には、カードキーによるセキュリティー強化を図り、安心安全にも配慮。納得のコストパフォーマンスで、快適なホテルライフときめ細やかなサービスをご提供いたします。,https://www.ikyu.com/00080283/?discsort=1&lc=1&ppc=2&rc=1&st=1
アパホテルプライド〈赤坂国会議事堂前〉,アパホテルプライド〈赤坂国会議事堂前〉,"2名税込8,280円〜",評価なし,https://www.ikyu.com/00081726/?discsort=1&lc=1&ppc=2&rc=1&st=1
アパホテル〈浅草 蔵前〉,アパホテル〈浅草 蔵前〉,"2名税込7,200円〜",評価なし,https://www.ikyu.com/00080727/?discsort=1&lc=1&ppc=2&rc=1&st=1
JR西日本グループ ヴィアイン飯田橋後楽園,JR西日本グループ ヴィアイン飯田橋後楽園,"2名税込7,030円〜",評価なし,https://www.ikyu.com/00081722/?discsort=1&lc=1&ppc=2&rc=1&st=1
ハイアット セントリック 銀座 東京,東京都・東京メトロ「銀座」駅　徒歩 約3分,"2名税込9,702円〜",快適さと利便性を追求し、日本のエレガントな優美さとヨーロッパのデザインが調和したモダンな内装。都内各所へ好アクセス。日本初のプルマンホテル、プルマン東京田町は中心部に位置し、ビジネスや観光で訪れる方々に最適な拠点です。広々とした客室とスイートルームには、高速Wi-FiとBOSE製Bluetooth®を完備。カジュアルで洗練されたレストランKASAやルーフトップバーPLATFORM 9は、仕事仲間や世界中からの旅行者との交流の場としてご利用いただけます。,https://www.ikyu.com/00002497/?discsort=1&lc=1&ppc=2&rc=1&st=1
ホテルマイステイズ五反田駅前,ホテルマイステイズ五反田駅前,"2名税込10,780円〜",東京観光の拠点に便利な、五反田駅から徒歩30秒に位置するホテル,https://www.ikyu.com/00081093/?discsort=1&lc=1&ppc=2&rc=1&st=1
ホテルリソル秋葉原,ホテルリソル秋葉原,"2名税込11,880円〜",世界中の観光客をひきつけ、多様な魅力を放つ街「秋葉原」に2019年4月1日オープン！JR「秋葉原駅」中央改札口より徒歩約3分。東京駅まで電車で約4分、東京ドームや浅草など、都内各所へのアクセスも簡単。「スムース＆ラフ」をコンセプトに、秋葉原の都会的な洗練されたなめらかな美しさと風合いが魅力的なブリックウォールなど、ラフな要素を融合させたインテリアで特別な空間を演出。ホテル2階には、自宅のように寛げる居心地の良い「リビングロビー」を設置、ちょっとしたお仕事やお仲間との談笑の場としてご利用いただけます。ビジネス・観光の拠点として、くつろぎの空間をご提供いたします。,https://www.ikyu.com/00081724/?discsort=1&lc=1&ppc=2&rc=1&st=1
JR東日本ホテルメッツ 武蔵境,JR東日本ホテルメッツ 武蔵境,"2名税込11,662円〜",JR武蔵境駅徒歩約1分。旅の拠点に最適な駅近の宿泊特化型ホテル,https://www.ikyu.com/00080605/?discsort=1&lc=1&ppc=2&rc=1&st=1
ヴィラフォンテーヌ東京浜松町｜住友不動産,ヴィラフォンテーヌ東京浜松町｜住友不動産,"2名税込9,647円〜",羽田空港からのアクセス至便。明日の元気をくれる安らぎの時間。お台場へ「ゆりかもめ」で2駅、東京タワーも気軽に行け、ビジネスや遊びの拠点に。,https://www.ikyu.com/00080625/?discsort=1&lc=1&ppc=2&rc=1&st=1
渋谷東急REIホテル,渋谷東急REIホテル,"2名税込22,736円〜",評価なし,https://www.ikyu.com/00080557/?discsort=1&lc=1&ppc=2&rc=1&st=1
hotel MONday Premium 上野御徒町,hotel MONday Premium 上野御徒町,"2名税込19,800円〜",評価なし,https://www.ikyu.com/00081885/?discsort=1&lc=1&ppc=2&rc=1&st=1
THE KANZASHI TOKYO ASAKUSA（ザ　カンザシ東京浅草）,THE KANZASHI TOKYO ASAKUSA（ザ　カンザシ東京浅草）,"2名税込11,599円〜",評価なし,https://www.ikyu.com/00082227/?discsort=1&lc=1&ppc=2&rc=1&st=1
KOKO HOTEL 築地 銀座,KOKO HOTEL 築地 銀座,"2名税込16,020円〜",評価なし,https://www.ikyu.com/00082329/?discsort=1&lc=1&ppc=2&rc=1&st=1
東急ステイ門前仲町,東急ステイ門前仲町,"2名税込8,964円〜",「門前仲町」駅徒歩1分。ビジネス・観光の拠点に最適。ゆとりを持たせた広めの客室と設備で、心身ともにリラックスできる安らぎの空間をご提案します。殆どの客室に洗濯乾燥機・電子レンジを設置しており、連泊・中長期の滞在も快適にお過ごしいただけます。また、手軽に使用できるミニキッチンと、簡単な調理器具や食器をご用意しているお部屋もございます。※設備仕様は部屋タイプにより異なります。,https://www.ikyu.com/00081494/?discsort=1&lc=1&ppc=2&rc=1&st=1
Satologue,Satologue,"夕朝食付2名税込99,000円〜",評価なし,https://www.ikyu.com/00052238/?discsort=1&lc=1&ppc=2&rc=1&st=1
アートホテル日暮里 ラングウッド,アートホテル日暮里 ラングウッド,"2名税込8,820円〜",JR日暮里から徒歩約1分、ビジネスや観光拠点にも最適なロケーション,https://www.ikyu.com/00082387/?discsort=1&lc=1&ppc=2&rc=1&st=1
ホテル京阪浅草,ホテル京阪浅草,"2名税込11,400円〜",評価なし,https://www.ikyu.com/00080243/?discsort=1&lc=1&ppc=2&rc=1&st=1
プルマン東京田町,東京都・田町,"ポイント2%（1,064円分）獲得",快適さと利便性を追求し、日本のエレガントな優美さとヨーロッパのデザインが調和したモダンな内装。都内各所へ好アクセス。日本初のプルマンホテル、プルマン東京田町は中心部に位置し、ビジネスや観光で訪れる方々に最適な拠点です。広々とした客室とスイートルームには、高速Wi-FiとBOSE製Bluetooth®を完備。カジュアルで洗練されたレストランKASAやルーフトップバーPLATFORM 9は、仕事仲間や世界中からの旅行者との交流の場としてご利用いただけます。,https://www.ikyu.com/00002659/?discsort=1&lc=1&ppc=2&rc=1&st=1
ホテルカデンツァ東京,ホテルカデンツァ東京,"2名税込11,466円〜",評価なし,https://www.ikyu.com/00081080/?discsort=1&lc=1&ppc=2&rc=1&st=1
東急ステイ渋谷,東急ステイ渋谷,"2名税込26,691円〜",評価なし,https://www.ikyu.com/00081491/?discsort=1&lc=1&ppc=2&rc=1&st=1
THEATER1,THEATER1,"2名税込66,640円〜",評価なし,https://www.ikyu.com/00051337/?discsort=1&lc=1&ppc=2&rc=1&st=1
アパホテル〈上野 御徒町駅前南〉,アパホテル〈上野 御徒町駅前南〉,"2名税込8,100円〜",評価なし,https://www.ikyu.com/00082572/?discsort=1&lc=1&ppc=2&rc=1&st=1
スーパーホテルPremier池袋天然温泉,スーパーホテルPremier池袋天然温泉,"2名税込12,838円〜",評価なし,https://www.ikyu.com/00082447/?discsort=1&lc=1&ppc=2&rc=1&st=1
立川ワシントンホテル,立川ワシントンホテル,"2名税込9,702円〜",評価なし,https://www.ikyu.com/00080285/?discsort=1&lc=1&ppc=2&rc=1&st=1
ホテルサンルート銀座,ホテルサンルート銀座,"2名税込11,590円〜",歴史と伝統が織りなす賑わいある街赤坂に、和を融合したヴィアイン赤坂 ＜茜音の湯＞が2022年11月オープンいたします。東京地区初の大浴場完備、客室には全米ホテルシェアNO.1【Serta（サータ）】社製ベッドを設置し、ゆったりとおくつろぎいただける空間をご提供いたします。【全室禁煙・全館無料Wi-Fi・全室HDMI対応】東京メトロ「赤坂駅」２番出口より徒歩２分、「溜池山王駅」11番出口より徒歩3分、「赤坂見附駅」10番出口より徒歩7分の好立地。都内主要エリアへ快適アクセス、ビジネス・観光の拠点に最適です。,https://www.ikyu.com/00081024/?discsort=1&lc=1&ppc=2&rc=1&st=1
ホテルベルクラシック東京,ホテルベルクラシック東京,"2名税込13,299円〜",評価なし,https://www.ikyu.com/00082175/?discsort=1&lc=1&ppc=2&rc=1&st=1
変なホテル東京 西葛西,変なホテル東京 西葛西,"朝食付2名税込10,500円〜",評価なし,https://www.ikyu.com/00082241/?discsort=1&lc=1&ppc=2&rc=1&st=1
hotel MONday 秋葉原浅草橋,hotel MONday 秋葉原浅草橋,"2名税込9,900円〜",評価なし,https://www.ikyu.com/00081887/?discsort=1&lc=1&ppc=2&rc=1&st=1
Hotel Vintage 神楽坂,Hotel Vintage 神楽坂,"2名税込23,400円〜",評価なし,https://www.ikyu.com/00031103/?discsort=1&lc=1&ppc=2&rc=1&st=1
アパホテル〈渋谷道玄坂上〉,アパホテル〈渋谷道玄坂上〉,"2名税込14,220円〜",JR「渋谷駅」ハチ公口から道玄坂を直進で徒歩8分。東京メトロ「渋谷駅」A0出口から右手直進で徒歩5分。渋谷ヒカリエやBunkamuraへもほど近く、ビジネスや東京観光の拠点として至便なホテルです。,https://www.ikyu.com/00080831/?discsort=1&lc=1&ppc=2&rc=1&st=1
アパホテル〈山手大塚駅前タワー〉,アパホテル〈山手大塚駅前タワー〉,"2名税込8,100円〜",評価なし,https://www.ikyu.com/00081847/?discsort=1&lc=1&ppc=2&rc=1&st=1
名鉄イン浜松町,名鉄イン浜松町,"2名税込9,506円〜",評価なし,https://www.ikyu.com/00081215/?discsort=1&lc=1&ppc=2&rc=1&st=1
ダイワロイネットホテル東京大崎,ダイワロイネットホテル東京大崎,"2名税込11,430円〜",東海道新幹線「品川」駅まで、山手線で1駅。ホテルから「国際展示場」のある「お台場」までは「りんかい線」で約20分。スポーツクラブも併設し、健康的なホテルステイも可能。落ち着いた雰囲気の客室は、機能性と快適性を備え、ビジネスからレジャーまで幅広くご利用いただけます。便利なロケーションと、静かで落ち着いた環境の両立は、初めての東京ステイの拠点としてもおすすめです。,https://www.ikyu.com/00080027/?discsort=1&lc=1&ppc=2&rc=1&st=1
ホテルJALシティ羽田 東京,ホテルJALシティ羽田 東京,"2名税込10,590円〜",評価なし,https://www.ikyu.com/00080131/?discsort=1&lc=1&ppc=2&rc=1&st=1
京急EXイン羽田,京急EXイン羽田,"朝食付2名税込10,094円〜",評価なし,https://www.ikyu.com/00081357/?discsort=1&lc=1&ppc=2&rc=1&st=1
ヴィラフォンテーヌ東京茅場町｜住友不動産,ヴィラフォンテーヌ東京茅場町｜住友不動産,"2名税込9,647円〜",舞浜(25分)・東京駅(10分))・銀座(10分)・浅草(10分)・スカイツリー(20分)・新宿(25分)・羽田空港(50分)と滞在の拠点にぴったり。カップルには１２時チェックアウトプランが人気。,https://www.ikyu.com/00080628/?discsort=1&lc=1&ppc=2&rc=1&st=1
ヴィラフォンテーヌ東京上野御徒町｜住友不動産,ヴィラフォンテーヌ東京上野御徒町｜住友不動産,"2名税込10,116円〜",下町情緒あふれる上野エリアの都会的ホテル。上野、秋葉原、浅草を中心とした東京観光拠点にお奨め。東京駅からJR山手線で乗換無し10分、東京ドーム、都営大江戸線で10分。,https://www.ikyu.com/00080631/?discsort=1&lc=1&ppc=2&rc=1&st=1
TSUKI 東京,TSUKI 東京,"2名税込21,660円〜",東京メトロ日比谷線「築地駅」より徒歩約3分 。築地市場や銀座へも気軽にアクセスできる、全31室のブティックホテル。 2019年にグッドデザイン賞を受賞した「TSUKI 東京」は、檜風呂付き客室や、青森檜葉を用いた貸切風呂などを備え、日本の美意識を随所に感じられます。 「Sake-Bar TABLE TSUKI」では、全国から厳選した地酒を飲み比べ、奥深い日本酒文化もお楽しみいただけます。日本文化の根底にある「和心」を知る旅の拠点として、美しい日本を知り、日本通になれる体験をご提供します。,https://www.ikyu.com/00081744/?discsort=1&lc=1&ppc=2&rc=1&st=1
センチュリオンホテル上野,センチュリオンホテル上野,"2名税込11,760円〜",評価なし,https://www.ikyu.com/00081411/?discsort=1&lc=1&ppc=2&rc=1&st=1
KOKO Hotel銀座一丁目,KOKO Hotel銀座一丁目,"2名税込16,366円〜",評価なし,https://www.ikyu.com/00082155/?discsort=1&lc=1&ppc=2&rc=1&st=1
両国ビューホテル,両国ビューホテル,"2名税込10,080円〜",評価なし,https://www.ikyu.com/00081232/?discsort=1&lc=1&ppc=2&rc=1&st=1
レンブラントホテル東京町田,レンブラントホテル東京町田,"2名税込8,232円〜",評価なし,https://www.ikyu.com/00081199/?discsort=1&lc=1&ppc=2&rc=1&st=1
ホテル京阪東京四谷,ホテル京阪東京四谷,"2名税込12,544円〜",ホテル京阪 東京四谷は迎賓館赤坂離宮にほど近い、落ち着いたロケーションです。JR中央線・総武線「四ツ谷駅」は「新宿駅」、「東京駅」の二大ターミナルに直結し、ビジネスはもちろん観光の拠点としても最適です。,https://www.ikyu.com/00081734/?discsort=1&lc=1&ppc=2&rc=1&st=1
JR西日本グループ ヴィアインプライム赤坂＜茜音の湯＞,JR西日本グループ ヴィアインプライム赤坂＜茜音の湯＞,"2名税込11,590円〜",歴史と伝統が織りなす賑わいある街赤坂に、和を融合したヴィアイン赤坂 ＜茜音の湯＞が2022年11月オープンいたします。東京地区初の大浴場完備、客室には全米ホテルシェアNO.1【Serta（サータ）】社製ベッドを設置し、ゆったりとおくつろぎいただける空間をご提供いたします。【全室禁煙・全館無料Wi-Fi・全室HDMI対応】東京メトロ「赤坂駅」２番出口より徒歩２分、「溜池山王駅」11番出口より徒歩3分、「赤坂見附駅」10番出口より徒歩7分の好立地。都内主要エリアへ快適アクセス、ビジネス・観光の拠点に最適です。,https://www.ikyu.com/00082419/?discsort=1&lc=1&ppc=2&rc=1&st=1
ホテルグレイスリー田町,ホテルグレイスリー田町,"2名税込9,775円〜",東京メトロ日比谷線「入谷駅」出口3・4から徒歩1分。「入谷駅」は上野、秋葉原、銀座など東京観光やビジネスの拠点に便利です。清潔な客室は、全室シモンズ社のポケットコイルベッドを採用し、加湿機能付き空気清浄機を設置しております。全室Wi-Fiと有線LANを完備しており、高速インターネットを無料で楽しめます。また、ウェルカムドリンク・お茶漬けなどを無料でサービスしております。ホテルに到着されてほっと一息、また外出から帰られてもお夜食としてもお召し上がりいただけ、ファミリーや女性のお客さまにも好評です。お客様のお越しを従業員一同心よりお待ち申しあげております。,https://www.ikyu.com/00080282/?discsort=1&lc=1&ppc=2&rc=1&st=1
"HOTEL GROOVE SHINJUKU, A PARKROYAL Hotel",東京都・新宿,"2名税込31,840円〜",「HOTEL GROOVE SHINJUKU」は、エンターテインメント施設で体験した感動や喜びなどの余韻に浸ることはもちろん、東京・新宿歌舞伎町のまちを遊び倒すための拠点として最適。選りすぐりのアートや音楽で彩られたホテル内や使い勝手を考えた快適なまるで自分の部屋のような客室が特徴。レセプションフロアの下階には、このまちの人と旅人とをつなぐ社交場として同ホテルが運営するレストラン、バーの他、ウェディングにも対応するオープンテラスやパーティ―ルームも備えています。,https://www.ikyu.com/00002999/?discsort=1&lc=1&ppc=2&rc=1&st=1
ホテルインディゴ東京渋谷 by IHG,東京都・渋谷区,"ポイント2%（1,036円分）獲得",渋谷駅から徒歩約5分の場所に位置するホテルインディゴ東京渋⾕は、ネイバーフッドからインスパイアされた、魅惑的な⾳楽、アート、個性的なファッションやデザインに出会える場所。ここはまさに、上空からゆっくりと渋⾕を探索できる聖域。渋⾕スクランブル交差点や東京スカイツリー、また晴れた⽇には富⼠⼭などの名所が望めるお部屋も。11階には渋谷の街を一望できるルーフトップテラス付きのレストラン＆バーを備え、熟練のシェフが⼿がける⽇本のツイストを効かせたイタリア料理をお愉しみいただけます。,https://www.ikyu.com/00003102/?discsort=1&lc=1&ppc=2&rc=1&st=1
SHIBUYA STREAM HOTEL,東京都・渋谷駅直結,"2名税込54,390円〜",古き良きものをお洒落に現代風にアレンジしたインテリアと、優れた機能性を組み合わせた独創的な空間。渋谷のアパレルショップをイメージしたワードローブ「ファッションクローク」をはじめ一点一点の家具にこだわり、クリエイターが住まう空間を表現しています。人々の交流のハブとなる、感性をくすぐるホテルです 。,https://www.ikyu.com/00002561/?discsort=1&lc=1&ppc=2&rc=1&st=1
the b お茶の水,the b お茶の水,"2名税込9,500円〜",評価なし,https://www.ikyu.com/00080119/?discsort=1&lc=1&ppc=2&rc=1&st=1
ホテル虎ノ門ヒルズ,東京都・港区,"2名税込70,666円〜",評価なし,https://www.ikyu.com/00003175/?discsort=1&lc=1&ppc=2&rc=1&st=1
東京マリオットホテル,東京都・品川,"ポイント10%（4,350円分）獲得",評価なし,https://www.ikyu.com/00001946/?discsort=1&lc=1&ppc=2&rc=1&st=1
プレミアホテル-CABIN-新宿,プレミアホテル-CABIN-新宿,"2名税込10,384円〜",JR新宿駅徒歩8分、東新宿駅徒歩6分など新宿の主要4駅を徒歩圏内。 ビジネスや観光の拠点として便利な立地でありながらも、館内は都心の喧噪から 離れた別世界が広がります。 お部屋は2019年に全客室がリニューアル！ 最新の加湿空気清浄機などの設備や無料のミネラルウォーターなどをご用意。コンパクトながらも快適で清潔、機能的なお部屋になっております。また女性の方にはクレンジング・洗顔料・化粧水・乳液・フェイスパックなど専用アメニティをお渡ししていますので急な出張時のご利用もご安心ください。 翌朝はぜひ自慢の朝食をご賞味ください。大好評の焼きたてパンなど 40 品目以上 のさまざまなお料理で皆様をお迎え致します。,https://www.ikyu.com/00082242/?discsort=1&lc=1&ppc=2&rc=1&st=1
JR西日本グループ ヴィアインプライム日本橋人形町,JR西日本グループ ヴィアインプライム日本橋人形町,"2名税込9,604円〜",評価なし,https://www.ikyu.com/00081813/?discsort=1&lc=1&ppc=2&rc=1&st=1
アパホテル〈東新宿駅前〉（2025年2月客室設備リニューアル）,アパホテル〈東新宿駅前〉（2025年2月客室設備リニューアル）,"2名税込9,180円〜",評価なし,https://www.ikyu.com/00080830/?discsort=1&lc=1&ppc=2&rc=1&st=1
ホテルJALシティ羽田 東京 WEST WING,ホテルJALシティ羽田 東京 WEST WING,"2名税込10,043円〜",評価なし,https://www.ikyu.com/00081192/?discsort=1&lc=1&ppc=2&rc=1&st=1
MIMARU東京 八丁堀,MIMARU東京 八丁堀,"2名税込38,880円〜",評価なし,https://www.ikyu.com/00050827/?discsort=1&lc=1&ppc=2&rc=1&st=1
相鉄フレッサイン銀座三丁目,相鉄フレッサイン銀座三丁目,"2名税込17,580円〜",2017年12月1日オープン！JR線「有楽町」駅中央口より徒歩7分、東京メトロ「銀座」「銀座一丁目」駅より徒歩3分、都営地下鉄「東銀座」駅より徒歩2分の好立地。百貨店や有名ブランドショップが並ぶ銀座マロニエ通りに至近で、歌舞伎座や東京国際フォーラムなど、ビジネスはもちろん、ショッピングやレジャーの拠点として大変便利にご利用いただけます。ご満足と安心をお約束するワンクラス上の「快適空間」をご提供いたします。,https://www.ikyu.com/00081372/?discsort=1&lc=1&ppc=2&rc=1&st=1
ホテルマイステイズ亀戸,ホテルマイステイズ亀戸,"2名税込6,468円〜",評価なし,https://www.ikyu.com/00080870/?discsort=1&lc=1&ppc=2&rc=1&st=1
渋谷グランベルホテル,渋谷グランベルホテル,"2名税込23,740円〜",評価なし,https://www.ikyu.com/00080864/?discsort=1&lc=1&ppc=2&rc=1&st=1
ネストホテルオルト蔵前駅前,ネストホテルオルト蔵前駅前,"2名税込10,878円〜",都営浅草線蔵前駅直結！ビジネスにレジャーに、活動拠点としてご活用下さいませ！,https://www.ikyu.com/00082304/?discsort=1&lc=1&ppc=2&rc=1&st=1
アパホテル〈飯田橋駅前〉,アパホテル〈飯田橋駅前〉,"2名税込8,100円〜",評価なし,https://www.ikyu.com/00081261/?discsort=1&lc=1&ppc=2&rc=1&st=1
ベッセルイン上野入谷駅前,ベッセルイン上野入谷駅前,"2名税込9,737円〜",東京メトロ日比谷線「入谷駅」出口3・4から徒歩1分。「入谷駅」は上野、秋葉原、銀座など東京観光やビジネスの拠点に便利です。清潔な客室は、全室シモンズ社のポケットコイルベッドを採用し、加湿機能付き空気清浄機を設置しております。全室Wi-Fiと有線LANを完備しており、高速インターネットを無料で楽しめます。また、ウェルカムドリンク・お茶漬けなどを無料でサービスしております。ホテルに到着されてほっと一息、また外出から帰られてもお夜食としてもお召し上がりいただけ、ファミリーや女性のお客さまにも好評です。お客様のお越しを従業員一同心よりお待ち申しあげております。,https://www.ikyu.com/00081241/?discsort=1&lc=1&ppc=2&rc=1&st=1
ベッセルイン浅草 つくばエクスプレス,ベッセルイン浅草 つくばエクスプレス,"2名税込11,270円〜",評価なし,https://www.ikyu.com/00082532/?discsort=1&lc=1&ppc=2&rc=1&st=1
the b 赤坂,the b 赤坂,"2名税込9,775円〜",評価なし,https://www.ikyu.com/00080118/?discsort=1&lc=1&ppc=2&rc=1&st=1
ホテルバー グランティオス,ホテルバー グランティオス,日本橋「人形町駅」より徒歩2分、コンビニまで30秒の好立地。羽田空港から乗り換えなし最短32分で到着。銀座、品川、上野、浅草、六本木など都内主要駅へのアクセスも便利。ロビーには、女性用化粧品や入浴剤など約30種類の無料アメニティの他に6種類のシャンプーバーをご用意。ヘアアイロンやナノケアなど無料レンタル品も充実(先着順、数に限りがございます)。館内は全館Wi-Fi利用可能。客室も個別Wi-Fi対応となっております。客室では備え付けのandroidTVで「YouTube」など多くの動画配信サービスをお楽しみいただけます。バスルームの浴槽は通常の浴槽より丸みを帯びた楕円形の浴槽でゆっくりお寛ぎいただけます。アメニティコーナーにある入浴剤で1日の疲れをしっかりと癒してください。,JR・地下鉄各線「池袋駅」西口(北)から徒歩4分の好立地！全室に米国シェアNo.1シーリー社と共同開発したアパホテルオリジナルベッド「Cloud Fit」を導入、1Fレストラン「宍道湖しじみ中華蕎麦　琥珀」ミシュランガイド東京　ビブグルマン3年連続掲載店。1500円にてご利用いただけます。また、24時間営業のコンビニエンスストアが徒歩1分と、便利で快適なひとときをお約束します。ビジネスは勿論、レジャーの拠点としても最適な池袋での滞在にご活用ください！,https://www.ikyu.com/00081048/?discsort=1&lc=1&ppc=2&rc=1&st=1
イチホテル東京八丁堀,イチホテル東京八丁堀,"2名税込11,120円〜",評価なし,https://www.ikyu.com/00082016/?discsort=1&lc=1&ppc=2&rc=1&st=1
ホテルマイステイズ神田,ホテルマイステイズ神田,"2名税込7,644円〜",JR山手線「神田駅」徒歩6分。「三越前駅」「新日本橋駅」「小伝馬町駅」「岩本町駅」もすべて徒歩圏内！東京スカイツリー®や東京ディズニーリゾート®など話題のスポットへアクセス良好です！コンビニや飲食店も近隣に豊富にあり、ビジネス・観光など、都心における活動拠点として最適です。もっと自由に、もっと快適に都会を賢く使いこなす、フレキシブルな滞在をご提案します。設備にこだわった室内は、全室インターネット接続無料。電子レンジ付きの客室（一部の客室）や、24時間利用可能なコインランドリーもあり、通常のホテルの機能に加え、長期滞在用の快適さと機能性にも優れています。,https://www.ikyu.com/00080750/?discsort=1&lc=1&ppc=2&rc=1&st=1
ホテルマイステイズプレミア赤坂,ホテルマイステイズプレミア赤坂,"2名税込13,132円〜",評価なし,https://www.ikyu.com/00081188/?discsort=1&lc=1&ppc=2&rc=1&st=1
ホテルインターゲート東京　京橋,ホテルインターゲート東京　京橋,"2名税込18,738円〜",評価なし,https://www.ikyu.com/00081436/?discsort=1&lc=1&ppc=2&rc=1&st=1
からくさホテルプレミア東京銀座,からくさホテルプレミア東京銀座,"2名税込27,821円〜",評価なし,https://www.ikyu.com/00082146/?discsort=1&lc=1&ppc=2&rc=1&st=1
アパホテル〈羽田 穴守稲荷駅前〉,アパホテル〈羽田 穴守稲荷駅前〉,"2名税込9,090円〜",評価なし,https://www.ikyu.com/00082443/?discsort=1&lc=1&ppc=2&rc=1&st=1
ホテルシーサイド江戸川,東京都・葛西臨海公園,"2名税込17,052円〜",24万坪もの広大な葛西臨海公園内、深い緑と潮風に囲まれて建つアーバンリゾート、それがホテルシーサイド江戸川です。東京駅から電車でわずか15分とは思えない、静寂とくつろぎ。そこには、さえずる小鳥、広い空、悠久の時を刻む潮の満引きがあります。ベイエリアの観光拠点に、親しい方々との集いやウェディングに、ビジネスミーティングに、多彩なご要望にお応えします。,https://www.ikyu.com/00001652/?discsort=1&lc=1&ppc=2&rc=1&st=1
DDD HOTEL,DDD HOTEL,"2名税込13,230円〜",評価なし,https://www.ikyu.com/00081743/?discsort=1&lc=1&ppc=2&rc=1&st=1
東急ステイ池袋,東急ステイ池袋,"2名税込14,149円〜",評価なし,https://www.ikyu.com/00081490/?discsort=1&lc=1&ppc=2&rc=1&st=1
the b 新橋,the b 新橋,"2名税込13,940円〜",銀座、汐留、虎ノ門は徒歩圏内、お台場までのアクセスも良好な「the b 新橋」。他に類を見ないほど、東京の主要エリアへのアクセスに優れたホテルを拠点に、自由自在な旅をお楽しみください。”スタイル”にこだわるゲストの滞在を彩る個性的な空間が旅の楽しさを加速させます。,https://www.ikyu.com/00081396/?discsort=1&lc=1&ppc=2&rc=1&st=1
アパホテル〈京成上野駅前〉,アパホテル〈京成上野駅前〉,"2名税込9,090円〜",評価なし,https://www.ikyu.com/00081110/?discsort=1&lc=1&ppc=2&rc=1&st=1
LAVA SAUNA ＆ VILLA,LAVA SAUNA ＆ VILLA,"2名税込53,900円〜",評価なし,https://www.ikyu.com/00051736/?discsort=1&lc=1&ppc=2&rc=1&st=1
ホテルルートインGrand東京浅草橋,ホテルルートインGrand東京浅草橋,"2名税込12,838円〜",評価なし,https://www.ikyu.com/00081562/?discsort=1&lc=1&ppc=2&rc=1&st=1
亀島川温泉　新川の湯　ドーミーイン東京八丁堀（2025年8月8日リニューアルオープン）,亀島川温泉　新川の湯　ドーミーイン東京八丁堀（2025年8月8日リニューアルオープン）,"2名税込16,660円〜",評価なし,https://www.ikyu.com/00080488/?discsort=1&lc=1&ppc=2&rc=1&st=1
ダイワロイネットホテル東京赤羽,ダイワロイネットホテル東京赤羽,"2名税込7,214円〜",JR「赤羽駅」南改札東口より徒歩約2分。駅前に多くの飲食店があり、スーパー、コンビニエンスストアは徒歩約5分圏内と大変便利！レトロな居酒屋が立ち並ぶ「赤羽一番街」までは徒歩約5分ほど。いつでもタイムスリップできる懐かしさをご堪能ください。さらにJR「赤羽駅」には５路線も通っており、東京の起点のご宿泊としてビジネス・観光どちらにもおすすめ。客室は機能性と快適性を兼ね備えた落ち着きの空間です。,https://www.ikyu.com/00080564/?discsort=1&lc=1&ppc=2&rc=1&st=1
アパホテル〈池袋駅北口〉,アパホテル〈池袋駅北口〉,JR・地下鉄各線「池袋駅」西口(北)から徒歩4分の好立地！全室に米国シェアNo.1シーリー社と共同開発したアパホテルオリジナルベッド「Cloud Fit」を導入、1Fレストラン「宍道湖しじみ中華蕎麦　琥珀」ミシュランガイド東京　ビブグルマン3年連続掲載店。1500円にてご利用いただけます。また、24時間営業のコンビニエンスストアが徒歩1分と、便利で快適なひとときをお約束します。ビジネスは勿論、レジャーの拠点としても最適な池袋での滞在にご活用ください！,JR・地下鉄各線「池袋駅」西口(北)から徒歩4分の好立地！全室に米国シェアNo.1シーリー社と共同開発したアパホテルオリジナルベッド「Cloud Fit」を導入、1Fレストラン「宍道湖しじみ中華蕎麦　琥珀」ミシュランガイド東京　ビブグルマン3年連続掲載店。1500円にてご利用いただけます。また、24時間営業のコンビニエンスストアが徒歩1分と、便利で快適なひとときをお約束します。ビジネスは勿論、レジャーの拠点としても最適な池袋での滞在にご活用ください！,https://www.ikyu.com/00080728/?discsort=1&lc=1&ppc=2&rc=1&st=1
THE KNOT TOKYO Shinjuku,THE KNOT TOKYO Shinjuku,"2名税込15,120円〜",評価なし,https://www.ikyu.com/00082141/?discsort=1&lc=1&ppc=2&rc=1&st=1
アパホテル〈八丁堀駅前〉,アパホテル〈八丁堀駅前〉,"2名税込8,100円〜",評価なし,https://www.ikyu.com/00082541/?discsort=1&lc=1&ppc=2&rc=1&st=1
ホテル日本橋サイボー,ホテル日本橋サイボー,日本橋「人形町駅」より徒歩2分、コンビニまで30秒の好立地。羽田空港から乗り換えなし最短32分で到着。銀座、品川、上野、浅草、六本木など都内主要駅へのアクセスも便利。ロビーには、女性用化粧品や入浴剤など約30種類の無料アメニティの他に6種類のシャンプーバーをご用意。ヘアアイロンやナノケアなど無料レンタル品も充実(先着順、数に限りがございます)。館内は全館Wi-Fi利用可能。客室も個別Wi-Fi対応となっております。客室では備え付けのandroidTVで「YouTube」など多くの動画配信サービスをお楽しみいただけます。バスルームの浴槽は通常の浴槽より丸みを帯びた楕円形の浴槽でゆっくりお寛ぎいただけます。アメニティコーナーにある入浴剤で1日の疲れをしっかりと癒してください。,評価なし,https://www.ikyu.com/00080879/?discsort=1&lc=1&ppc=2&rc=1&st=1
アパホテル〈浅草 田原町駅前〉,アパホテル〈浅草 田原町駅前〉,"2名税込9,115円〜",東京・六本木交差点から徒歩約1分。安眠と安心ステイが叶う快適ホテル,https://www.ikyu.com/00081345/?discsort=1&lc=1&ppc=2&rc=1&st=1
ホテルウィングインターナショナル東京赤羽,ホテルウィングインターナショナル東京赤羽,"2名税込5,980円〜",評価なし,https://www.ikyu.com/00081708/?discsort=1&lc=1&ppc=2&rc=1&st=1
コンフォートイン東京六本木,コンフォートイン東京六本木,"2名税込10,881円〜",「コンフォートイン東京六本木」は、都営大江戸線・東京メトロ日比谷線「六本木駅」から徒歩1分の好立地！都内5ホテル目のコンフォートブランドのホテルです。人気観光スポットである六本木ヒルズ、東京ミッドタウンへは徒歩でわずか5分、国立新美術館まで徒歩12分、新宿エリアまで地下鉄で10分です。六本木交差点から見える東京タワーへも、地下鉄で1駅という絶好のロケーションにあります。朝食は洋食中心のビュッフェスタイル。ほかにもトムヤムクンやおかゆなど、本格的なベトナム料理もお楽しみいただけます。お好きなものをお好きなだけ、お召し上がり下さいませ。,https://www.ikyu.com/00082169/?discsort=1&lc=1&ppc=2&rc=1&st=1
ホテルマイステイズ上野入谷口,ホテルマイステイズ上野入谷口,"2名税込7,644円〜",JR上野駅から徒歩約5分の好立地。東京観光の拠点にも最適,https://www.ikyu.com/00081000/?discsort=1&lc=1&ppc=2&rc=1&st=1
赤坂グランベルホテル,赤坂グランベルホテル,"朝食付2名税込12,635円〜",評価なし,https://www.ikyu.com/00080622/?discsort=1&lc=1&ppc=2&rc=1&st=1
明神の湯ドーミーインPREMIUM神田,明神の湯ドーミーインPREMIUM神田,"2名税込16,660円〜",評価なし,https://www.ikyu.com/00081322/?discsort=1&lc=1&ppc=2&rc=1&st=1
メルキュール東京羽田エアポート,東京都・大田区,ポイント2%（288円分）獲得,評価なし,https://www.ikyu.com/00003066/?discsort=1&lc=1&ppc=2&rc=1&st=1
徒士の湯　ドーミーイン上野・御徒町,徒士の湯　ドーミーイン上野・御徒町,"2名税込16,660円〜",評価なし,https://www.ikyu.com/00081030/?discsort=1&lc=1&ppc=2&rc=1&st=1
レム秋葉原,レム秋葉原,"2名税込14,540円〜",評価なし,https://www.ikyu.com/00080063/?discsort=1&lc=1&ppc=2&rc=1&st=1
アパホテル〈赤羽岩淵駅前〉,アパホテル〈赤羽岩淵駅前〉,"2名税込7,200円〜",評価なし,https://www.ikyu.com/00082667/?discsort=1&lc=1&ppc=2&rc=1&st=1
変なホテル東京　羽田,変なホテル東京　羽田,"2名税込9,750円〜",評価なし,https://www.ikyu.com/00082240/?discsort=1&lc=1&ppc=2&rc=1&st=1
hotel MONday 羽田空港,hotel MONday 羽田空港,"2名税込10,370円〜",評価なし,https://www.ikyu.com/00081501/?discsort=1&lc=1&ppc=2&rc=1&st=1
ネストホテル東京半蔵門,ネストホテル東京半蔵門,"2名税込13,080円〜",評価なし,https://www.ikyu.com/00081467/?discsort=1&lc=1&ppc=2&rc=1&st=1
高濃度炭酸泉 福来路の湯 スーパーホテル池袋駅北口,高濃度炭酸泉 福来路の湯 スーパーホテル池袋駅北口,"2名税込8,624円〜",評価なし,https://www.ikyu.com/00081751/?discsort=1&lc=1&ppc=2&rc=1&st=1
アパホテル〈茅場町八丁堀駅前〉,アパホテル〈茅場町八丁堀駅前〉,"2名税込8,100円〜",評価なし,https://www.ikyu.com/00082581/?discsort=1&lc=1&ppc=2&rc=1&st=1
アパホテル〈東京大島〉,アパホテル〈東京大島〉,"2名税込8,100円〜",評価なし,https://www.ikyu.com/00080881/?discsort=1&lc=1&ppc=2&rc=1&st=1
アパホテル〈赤坂見附〉,アパホテル〈赤坂見附〉,"2名税込8,100円〜",評価なし,https://www.ikyu.com/00080722/?discsort=1&lc=1&ppc=2&rc=1&st=1
アゴーラ 東京銀座,アゴーラ 東京銀座,"2名税込23,465円〜",評価なし,https://www.ikyu.com/00082021/?discsort=1&lc=1&ppc=2&rc=1&st=1
相鉄フレッサイン東京六本木,相鉄フレッサイン東京六本木,"2名税込12,750円〜",東京・六本木交差点から徒歩約1分。安眠と安心ステイが叶う快適ホテル,https://www.ikyu.com/00081370/?discsort=1&lc=1&ppc=2&rc=1&st=1
京王プレッソイン浜松町,京王プレッソイン浜松町,"2名税込9,115円〜",評価なし,https://www.ikyu.com/00081293/?discsort=1&lc=1&ppc=2&rc=1&st=1
the b 三軒茶屋,the b 三軒茶屋,"2名税込14,260円〜",東京の真ん中、千代田区にありながら閑静な雰囲気のホテル。当館は「麹町」「半蔵門」「四ツ谷」「市ヶ谷」の4駅6路線が徒歩圏内のアクセス抜群な立地です。東京のどこに行くでも旅の拠点に最適です。館内には2フロア分の吹き抜けが開放感を演出するレストランがあり、ガラス一面から浴びる朝日は素晴らしい一日の始まりになります。皆様にご利用頂けますのをお待ち申し上げております。,https://www.ikyu.com/00081008/?discsort=1&lc=1&ppc=2&rc=1&st=1
ホテルリソル上野,ホテルリソル上野,"2名税込16,744円〜",上野駅より徒歩約1分、都内各所へも簡単アクセス。お部屋は「ホテル」のスタイルに「靴を脱ぐ」という日本の生活様式を採り入れ、心からくつろげる快適で清潔な空間づくりをしています。朝食は、オリジナルの野菜たっぷりベーグルサンド、または焼きたてのプティパンの朝食セットをご用意。カフェスペースは勿論、お部屋でもお召し上がりいただけます。ビジネス・観光の拠点として、ぜひご利用ください。,https://www.ikyu.com/00082120/?discsort=1&lc=1&ppc=2&rc=1&st=1
京急EXイン秋葉原,京急EXイン秋葉原,"朝食付2名税込8,644円〜",評価なし,https://www.ikyu.com/00081135/?discsort=1&lc=1&ppc=2&rc=1&st=1
アゴーラプレイス 東京浅草,アゴーラプレイス 東京浅草,"2名税込6,051円〜",アゴーラプレイス 東京浅草は、浅草寺・雷門から徒歩圏内の便利なロケーション。世界的観光都市、浅草への旅行・ビジネスの拠点として最適なホテルです。自由自在な自分スタイルのステイをお楽しみください。,https://www.ikyu.com/00080851/?discsort=1&lc=1&ppc=2&rc=1&st=1
秋葉原ワシントンホテル,秋葉原ワシントンホテル,"2名税込14,754円〜",世界にその名が知られる秋葉原電気街・ITセンター街に隣接し、都内各所へのアクセスも楽々便利。人と情報が集うこの街で、機能性と安らぎを兼ね備えた新しいホスピタリティを提供してまいります。ビジネス、観光、ショッピングの拠点として快適にご利用ください。,https://www.ikyu.com/00080293/?discsort=1&lc=1&ppc=2&rc=1&st=1
ヴィラフォンテーヌ東京大手町｜住友不動産,ヴィラフォンテーヌ東京大手町｜住友不動産,"2名税込12,402円〜",評価なし,https://www.ikyu.com/00080632/?discsort=1&lc=1&ppc=2&rc=1&st=1
東急ステイ五反田,東急ステイ五反田,"2名税込15,172円〜",「五反田」駅徒歩1分、ビジネス・観光の拠点に最適。客室に洗濯乾燥機があるホテル。ゆとりを持たせた広めの客室と設備で、心身ともにリラックスできる安らぎの空間をご提案しますすべての客室に洗濯乾燥機・電子レンジを設置しており、連泊・中長期の滞在も快適にお過ごしいただけます。また、手軽に使用できるミニキッチンと、簡単な調理器具や食器をご用意しているお部屋もございます。※設備仕様は部屋タイプにより異なります。,https://www.ikyu.com/00081500/?discsort=1&lc=1&ppc=2&rc=1&st=1
ホテル1899東京,ホテル1899東京,"2名税込21,070円〜",評価なし,https://www.ikyu.com/00081520/?discsort=1&lc=1&ppc=2&rc=1&st=1
相鉄フレッサイン日本橋人形町,相鉄フレッサイン日本橋人形町,"2名税込10,200円〜",評価なし,https://www.ikyu.com/00080846/?discsort=1&lc=1&ppc=2&rc=1&st=1
東急ステイ日本橋,東急ステイ日本橋,"2名税込10,242円〜",評価なし,https://www.ikyu.com/00081483/?discsort=1&lc=1&ppc=2&rc=1&st=1
展望大浴場　あさひ湯　ドーミーインEXPRESS浅草,展望大浴場　あさひ湯　ドーミーインEXPRESS浅草,"2名税込10,800円〜",評価なし,https://www.ikyu.com/00080500/?discsort=1&lc=1&ppc=2&rc=1&st=1
アパホテル〈神田駅前〉,アパホテル〈神田駅前〉,"2名税込9,180円〜",評価なし,https://www.ikyu.com/00081453/?discsort=1&lc=1&ppc=2&rc=1&st=1
fav 東京西日暮里,fav 東京西日暮里,"2名税込20,311円〜",評価なし,https://www.ikyu.com/00082584/?discsort=1&lc=1&ppc=2&rc=1&st=1
京急EXイン 品川・新馬場駅北口,京急EXイン 品川・新馬場駅北口,"2名税込9,310円〜",評価なし,https://www.ikyu.com/00080697/?discsort=1&lc=1&ppc=2&rc=1&st=1
ホテルビスタ東京［築地］,ホテルビスタ東京［築地］,"2名税込14,630円〜",評価なし,https://www.ikyu.com/00081943/?discsort=1&lc=1&ppc=2&rc=1&st=1
東京グリーンパレス,東京グリーンパレス,"2名税込12,878円〜",東京の真ん中、千代田区にありながら閑静な雰囲気のホテル。当館は「麹町」「半蔵門」「四ツ谷」「市ヶ谷」の4駅6路線が徒歩圏内のアクセス抜群な立地です。東京のどこに行くでも旅の拠点に最適です。館内には2フロア分の吹き抜けが開放感を演出するレストランがあり、ガラス一面から浴びる朝日は素晴らしい一日の始まりになります。皆様にご利用頂けますのをお待ち申し上げております。,https://www.ikyu.com/00080621/?discsort=1&lc=1&ppc=2&rc=1&st=1
イーホテル東新宿,イーホテル東新宿,"2名税込10,860円〜",評価なし,https://www.ikyu.com/00080820/?discsort=1&lc=1&ppc=2&rc=1&st=1
ワイヤーズホテル品川シーサイド,ワイヤーズホテル品川シーサイド,"2名税込9,964円〜",評価なし,https://www.ikyu.com/00082060/?discsort=1&lc=1&ppc=2&rc=1&st=1
センチュリオンホテル池袋,センチュリオンホテル池袋,"2名税込12,348円〜",評価なし,https://www.ikyu.com/00081306/?discsort=1&lc=1&ppc=2&rc=1&st=1
相鉄フレッサイン東京京橋,相鉄フレッサイン東京京橋,"2名税込14,260円〜",評価なし,https://www.ikyu.com/00080760/?discsort=1&lc=1&ppc=2&rc=1&st=1
トーセイホテルココネ神田,トーセイホテルココネ神田,"2名税込8,075円〜",日本の古き良き街を堪能できる「人形町」徒歩圏内には明治座があり、閑静なビジネス街で静かにごゆっくりお寛ぎいただけます。銀座・浅草・六本木・舞浜など観光の拠点にも最適。羽田空港・成田空港へは乗り換えなしでアクセス抜群！,https://www.ikyu.com/00081457/?discsort=1&lc=1&ppc=2&rc=1&st=1
ホテルルートイン東京蒲田－あやめ橋－,ホテルルートイン東京蒲田－あやめ橋－,"朝食付2名税込11,956円〜",評価なし,https://www.ikyu.com/00081432/?discsort=1&lc=1&ppc=2&rc=1&st=1
ホテルマイステイズ上野イースト,ホテルマイステイズ上野イースト,"2名税込7,840円〜",東京の東の玄関口　上野駅から徒歩8分という好立地にホテル上野イーストは位置しています。ちょっと広めの客室がひとまわり大きなリラックスをお届けするばかりでなく、常に新しいサービスに挑戦し、お客様の快適な行動拠点として、明るくスピーディなおもてなしでお迎えいたします。,https://www.ikyu.com/00080081/?discsort=1&lc=1&ppc=2&rc=1&st=1
相鉄フレッサイン銀座七丁目,相鉄フレッサイン銀座七丁目,"2名税込17,504円〜",評価なし,https://www.ikyu.com/00081164/?discsort=1&lc=1&ppc=2&rc=1&st=1
アパホテル〈西麻布〉,アパホテル〈西麻布〉,"2名税込8,280円〜",東京メトロ日比谷線「広尾駅」から徒歩5分！六本木・麻布エリアで絶好の拠点です。六本木ヒルズへ徒歩9分。ビジネス・観光とお客様の様々なライフスタイルに合わせてご利用頂けます。また、全室無線LANとWi-Fiに対応しており無料でご利用頂けます。ご朝食はベーカリー「ecru」にて国産小麦・天然酵母にこだわった焼き立てパンのブュッフェと卵料理をご用意しております。,https://www.ikyu.com/00080883/?discsort=1&lc=1&ppc=2&rc=1&st=1
ANAホリデイ・イン東京ベイ by IHG,東京都・品川区,ポイント2%（384円分）獲得,東京湾に面した天王洲に誕生した「ANAホリデイ・イン東京ベイ」は、観光やビジネスの拠点として最適なロケーションを誇ります。静かで落ち着いた環境と優れたアクセスを兼ね備え、快適なベイビュー客室にはWi-Fiやミニ冷蔵庫、コーヒーメーカーなどの設備も充実。人とのつながりを大切にした心温まるおもてなしで、家族との団らんや一人時間も心地よく。自由に過ごせるオープンラウンジも魅力です。,https://www.ikyu.com/00003341/?discsort=1&lc=1&ppc=2&rc=1&st=1
Hotel Vintage 目黒不動前,Hotel Vintage 目黒不動前,"2名税込19,080円〜",デザイン性と快適さを両立した、全13室のブティックホテルが目黒エリアに誕生。家具や照明にこだわったミッドセンチュリーモダンなインテリア空間で、都会にいながらも非日常を感じられる滞在を提供します。当ホテルは、目黒不動前駅から目黒不動前駅から徒歩約7分 。品川・渋谷・恵比寿・六本木など、東京の主要エリアへスムーズにアクセスできます。観光やビジネスの拠点として、利便性に優れた立地です。1階には、宿泊者以外にも人気のベーカリーカフェ「THE ORDY BAKERY」を併設。滞在中のちょっとしたコーヒーブレイクや朝の軽食にもご利用いただけます（本プランは素泊まりのため、朝食は含まれておりません）。お部屋は全室20平米以上のゆとりある空間設計。セミダブル以上のゆったりとしたベッド、無料Wi-Fi、独立バス・トイレ付きで、短期・長期どちらの滞在にも対応。,https://www.ikyu.com/00031250/?discsort=1&lc=1&ppc=2&rc=1&st=1
コンフォートホテルERA東京東神田,コンフォートホテルERA東京東神田,"2名税込11,466円〜",JR馬喰町駅から徒歩4分、東京駅までは電車で約4分の好立地！ビジネス・観光の拠点に大変便利です。客室は快眠を追求した独自開発のベッドパット・ピローを全室に設置。また、有線LAN＆wi-fiに対応しています。,https://www.ikyu.com/00081267/?discsort=1&lc=1&ppc=2&rc=1&st=1
コンフォートホテル東京清澄白河,コンフォートホテル東京清澄白河,"朝食付2名税込10,925円〜",東京メトロ半蔵門線・都営大江戸線「清澄白河駅」B1出口から直結、1階にはコンビニエンスストアを備えた利便性の高いホテルです。東京スカイツリーまで3駅、ビジネスや観光の拠点として最適なホテルです。全室インターネット接続無料、12歳以下のお子様の添い寝は無料です。24時までご利用いただける無料のオープンスペース「ライブラリーカフェ」を併設。無料のドリンクを片手に仕事に集中したい時、本を読みながらリラックスしたい時、ぜひご利用ください。無料朝食サービスは、多彩なメニューを取り揃えています。 シーンに合わせてお好きなものをお好きなだけお召し上がりください。,https://www.ikyu.com/00080194/?discsort=1&lc=1&ppc=2&rc=1&st=1
イビススタイルズ東京銀座,イビススタイルズ東京銀座,ポイント2%（342円分）獲得,評価なし,https://www.ikyu.com/00082362/?discsort=1&lc=1&ppc=2&rc=1&st=1
ホテル京阪 築地銀座 グランデ,ホテル京阪 築地銀座 グランデ,"2名税込23,716円〜",銀座と築地の観光・ビジネ拠点に使いたい上質な駅チカホテル,https://www.ikyu.com/00081672/?discsort=1&lc=1&ppc=2&rc=1&st=1
アパホテル〈新橋 御成門〉,アパホテル〈新橋 御成門〉,"2名税込8,280円〜",評価なし,https://www.ikyu.com/00080729/?discsort=1&lc=1&ppc=2&rc=1&st=1
ホテルクラウンヒルズ上野プレミア,ホテルクラウンヒルズ上野プレミア,"2名税込15,040円〜",評価なし,https://www.ikyu.com/00081128/?discsort=1&lc=1&ppc=2&rc=1&st=1
アーバイン東京・上野 北千住,アーバイン東京・上野 北千住,"2名税込7,840円〜",北千住駅西口より徒3分の好立地！下町情緒あふれる千住エリアに新たな拠点。首都圏でのビジネスや観光の発着点として快適でくつろげる癒しの空間をご提供。ホテルからスカイツリーや上野・浅草エリアへのお出かけもスムーズで最適。また北千住駅発着の路線も多く都心へのアクセスも良好。全館wi-fi接続無料。ビジネスに観光にご利用くださいませ。,https://www.ikyu.com/00081588/?discsort=1&lc=1&ppc=2&rc=1&st=1
ホテルマイステイズ羽田,ホテルマイステイズ羽田,"2名税込8,820円〜",羽田空港から車で約10分、京急線「穴守稲荷」駅徒歩4分の立地。羽田空港利用の前後泊のご利用はもちろん、新宿や横浜などの主要拠点にも1時間足らずでアクセス可能。羽田空港-ホテル間は無料シャトルバスを運行。館内にはフィットネスジム、ライブラリーなどがあり、思い思いのお時間をお過ごしいただけます。,https://www.ikyu.com/00080982/?discsort=1&lc=1&ppc=2&rc=1&st=1
sequence MIYASHITA PARK,sequence MIYASHITA PARK,"2名税込25,188円〜",評価なし,https://www.ikyu.com/00082022/?discsort=1&lc=1&ppc=2&rc=1&st=1
プリンス スマート イン 恵比寿,プリンス スマート イン 恵比寿,"2名税込23,144円〜",評価なし,https://www.ikyu.com/00082044/?discsort=1&lc=1&ppc=2&rc=1&st=1
アパホテル〈人形町駅北〉,アパホテル〈人形町駅北〉,"2名税込8,190円〜",日本の古き良き街を堪能できる「人形町」徒歩圏内には明治座があり、閑静なビジネス街で静かにごゆっくりお寛ぎいただけます。銀座・浅草・六本木・舞浜など観光の拠点にも最適。羽田空港・成田空港へは乗り換えなしでアクセス抜群！,https://www.ikyu.com/00080712/?discsort=1&lc=1&ppc=2&rc=1&st=1
アパホテル〈浅草橋駅北〉,アパホテル〈浅草橋駅北〉,"2名税込7,200円〜",評価なし,https://www.ikyu.com/00081042/?discsort=1&lc=1&ppc=2&rc=1&st=1
京急EXイン蒲田,京急EXイン蒲田,"2名税込8,075円〜",評価なし,https://www.ikyu.com/00080684/?discsort=1&lc=1&ppc=2&rc=1&st=1
ネストホテルオルト目黒駅前,ネストホテルオルト目黒駅前,"2名税込8,272円〜",主要都市「新宿・横浜」まで快速・急行で30分の町田駅から至近。“和モダン”をデザインコンセプトとした落ち着いた雰囲気のロビーとアロマの香りがお出迎えします。全客室にWi-Fi、加湿空気清浄機、ベッドにはリソルオリジナルの低反発ポケットコイル式マットレスを組み込んだワイドな快眠ベッドを採用。1階レストラン「獅子丸町田総本店」では毎朝6時から和食を中心とした料理長自慢の朝ごはん、夜は自信作のもつ鍋をはじめ厳選した九州料理を九州の銘酒と共にお楽しみ下さい。ビジネス・観光の拠点として、くつろぎの空間をご提供いたします。,https://www.ikyu.com/00080514/?discsort=1&lc=1&ppc=2&rc=1&st=1
京王プレッソイン新宿,京王プレッソイン新宿,"2名税込11,090円〜",JR新宿駅からだけでなく、都営大江戸線都庁前駅からも徒歩圏内。東京オペラシティ、国立競技場などビジネスと観光の両拠点に最適です。1階のローソンが目印。朝食は、イタリアン仕立てのお肉、スパイス香る特製カレーなど、和洋中アジア30種以上のフルビュッフェをご用意しております。,https://www.ikyu.com/00080159/?discsort=1&lc=1&ppc=2&rc=1&st=1
ホテルマイステイズ五反田,ホテルマイステイズ五反田,"2名税込8,624円〜",JR山手線・都営浅草線「五反田駅」徒歩5分。JR「大崎駅」へも徒歩10分。品川・渋谷へは電車でわずか5分！コンビニや飲食店も近隣に豊富にあり、ビジネス・観光など、都心における活動拠点として最適です。もっと自由に、もっと快適に都会を賢く使いこなす、フレキシブルな滞在をご提案します。客室には、全室インターネット接続無料・電気ポットも全室完備しております。,https://www.ikyu.com/00080752/?discsort=1&lc=1&ppc=2&rc=1&st=1
ハートンホテル東品川,ハートンホテル東品川,"2名税込9,178円〜",評価なし,https://www.ikyu.com/00080558/?discsort=1&lc=1&ppc=2&rc=1&st=1
ベストウェスタンホテルフィーノ東京秋葉原,ベストウェスタンホテルフィーノ東京秋葉原,"2名税込14,450円〜",秋葉原駅、御徒町駅など4駅が徒歩圏内。首都圏内を巡る拠点に便利な好立地,https://www.ikyu.com/00081691/?discsort=1&lc=1&ppc=2&rc=1&st=1
東急ステイ渋谷 新南口,東急ステイ渋谷 新南口,"2名税込26,820円〜",評価なし,https://www.ikyu.com/00081498/?discsort=1&lc=1&ppc=2&rc=1&st=1
相鉄フレッサイン 神田大手町,相鉄フレッサイン 神田大手町,"2名税込11,884円〜",評価なし,https://www.ikyu.com/00082121/?discsort=1&lc=1&ppc=2&rc=1&st=1
ホテルマイステイズプレミア大森,ホテルマイステイズプレミア大森,"2名税込8,820円〜",評価なし,https://www.ikyu.com/00080918/?discsort=1&lc=1&ppc=2&rc=1&st=1
アパホテル〈京急蒲田駅前〉,アパホテル〈京急蒲田駅前〉,"2名税込8,280円〜",評価なし,https://www.ikyu.com/00082270/?discsort=1&lc=1&ppc=2&rc=1&st=1
アパホテル〈神田駅東〉,アパホテル〈神田駅東〉,"2名税込8,100円〜",評価なし,https://www.ikyu.com/00080799/?discsort=1&lc=1&ppc=2&rc=1&st=1
シタディーン新宿東京,シタディーン新宿東京,"2名税込22,548円〜",評価なし,https://www.ikyu.com/00081553/?discsort=1&lc=1&ppc=2&rc=1&st=1
アパホテル〈神田神保町駅東〉,アパホテル〈神田神保町駅東〉,"2名税込8,190円〜",評価なし,https://www.ikyu.com/00081015/?discsort=1&lc=1&ppc=2&rc=1&st=1
the b 水道橋,the b 水道橋,"2名税込9,800円〜",評価なし,https://www.ikyu.com/00081053/?discsort=1&lc=1&ppc=2&rc=1&st=1
ホテルマイステイズ浅草橋,ホテルマイステイズ浅草橋,"2名税込8,036円〜",ビジネス・東京観光の拠点として絶好のロケーション「JR浅草橋駅」からすぐ。快適性を追求した客室が、くつろぎのホテルライフをお約束致します。,https://www.ikyu.com/00080279/?discsort=1&lc=1&ppc=2&rc=1&st=1
アパホテル〈日本橋 馬喰町駅前〉（全室禁煙）,アパホテル〈日本橋 馬喰町駅前〉（全室禁煙）,"2名税込7,560円〜",評価なし,https://www.ikyu.com/00081585/?discsort=1&lc=1&ppc=2&rc=1&st=1
ホテルルミエール葛西,ホテルルミエール葛西,"朝食付2名税込9,702円〜",評価なし,https://www.ikyu.com/00082349/?discsort=1&lc=1&ppc=2&rc=1&st=1
JR西日本グループ ヴィアイン品川大井町,JR西日本グループ ヴィアイン品川大井町,"2名税込6,840円〜",大井町駅より徒歩約2分。出張や観光の拠点におすすめな立地のホテル,https://www.ikyu.com/00081998/?discsort=1&lc=1&ppc=2&rc=1&st=1
西鉄イン新宿,西鉄イン新宿,"2名税込19,992円〜",評価なし,https://www.ikyu.com/00080229/?discsort=1&lc=1&ppc=2&rc=1&st=1
アパホテル〈綾瀬駅前〉,アパホテル〈綾瀬駅前〉,"2名税込7,200円〜",評価なし,https://www.ikyu.com/00081814/?discsort=1&lc=1&ppc=2&rc=1&st=1
ホテルリソル町田,ホテルリソル町田,"2名税込8,272円〜",主要都市「新宿・横浜」まで快速・急行で30分の町田駅から至近。“和モダン”をデザインコンセプトとした落ち着いた雰囲気のロビーとアロマの香りがお出迎えします。全客室にWi-Fi、加湿空気清浄機、ベッドにはリソルオリジナルの低反発ポケットコイル式マットレスを組み込んだワイドな快眠ベッドを採用。1階レストラン「獅子丸町田総本店」では毎朝6時から和食を中心とした料理長自慢の朝ごはん、夜は自信作のもつ鍋をはじめ厳選した九州料理を九州の銘酒と共にお楽しみ下さい。ビジネス・観光の拠点として、くつろぎの空間をご提供いたします。,https://www.ikyu.com/00082307/?discsort=1&lc=1&ppc=2&rc=1&st=1
相鉄フレッサイン上野御徒町,相鉄フレッサイン上野御徒町,"2名税込11,025円〜",東京メトロ東西線西葛西駅から徒歩1分。大手町・日本橋エリア迄電車で16分。舞浜・葛西臨海公園迄車で約25分。ビジネス・観光の拠点に最適です。ホテル周辺に飲食店やコンビニ、ドラッグストアが多数あり、出張や長期宿泊にも便利です。,https://www.ikyu.com/00081371/?discsort=1&lc=1&ppc=2&rc=1&st=1
アパホテル〈銀座 新富町駅前〉,アパホテル〈銀座 新富町駅前〉,"2名税込8,100円〜",東京メトロ有楽町線「新富町駅」3番出口左折徒歩1分。「築地駅」、「八丁堀駅」「宝町駅」「東銀座駅」と5駅が徒歩圏内と都内各所へアクセス良好！銀座・築地・有楽町徒歩圏内！ビジネスや観光の拠点におすすめ！安心で快適な空間をご提供できるようエレベーターセキュリティシステムを導入。 客室には40型液晶テレビを完備し、客室は全室快眠を追求したアパホテルオリジナルベッド「Cloud fit（クラウドフィット）」を導入。Wi-Fi接続無料、有線LAN高速インターネット接続無料（LANケーブル無料貸出）、便利な枕元コンセント完備。,https://www.ikyu.com/00080904/?discsort=1&lc=1&ppc=2&rc=1&st=1
アパホテル〈浅草 雷門〉（全室禁煙）,アパホテル〈浅草 雷門〉（全室禁煙）,"2名税込7,560円〜",評価なし,https://www.ikyu.com/00081384/?discsort=1&lc=1&ppc=2&rc=1&st=1
変なホテル東京　赤坂,変なホテル東京　赤坂,"2名税込8,214円〜",評価なし,https://www.ikyu.com/00082243/?discsort=1&lc=1&ppc=2&rc=1&st=1
アパホテル〈銀座京橋南〉,アパホテル〈銀座京橋南〉,"2名税込9,180円〜",評価なし,https://www.ikyu.com/00080914/?discsort=1&lc=1&ppc=2&rc=1&st=1
アパホテル〈東京板橋駅前〉,アパホテル〈東京板橋駅前〉,"2名税込7,380円〜",評価なし,https://www.ikyu.com/00080882/?discsort=1&lc=1&ppc=2&rc=1&st=1
ホテルサンルートプラザ新宿,ホテルサンルートプラザ新宿,"2名税込21,244円〜",評価なし,https://www.ikyu.com/00080261/?discsort=1&lc=1&ppc=2&rc=1&st=1
ONE＠Tokyo by insomnia,ONE＠Tokyo by insomnia,"2名税込13,680円〜",コンセプトは、インダストリアル&ナチュラル。世界中から旅人が集まる、東京の新しいストリートカルチャーの拠点をイメージしています。ONE＠Tokyo by insomniaは、新しい街並と、江戸から続く旧き良き趣とが交錯するスポットのONE&Onlyな発見と出会いをお手伝いします。,https://www.ikyu.com/00081403/?discsort=1&lc=1&ppc=2&rc=1&st=1
コンフォートホテル東京東日本橋,コンフォートホテル東京東日本橋,"朝食付2名税込10,388円〜",JR総武快速線「馬喰町」駅から地下道を進み4番出口より徒歩0分。東京駅からは2駅、都内各所へのアクセス至便でビジネスや観光の拠点として最適です。24時までご利用いただける無料のオープンスペース「ライブラリーカフェ」を併設。無料のドリンクを片手に仕事に集中したい時、本を読みながらリラックスしたい時、ぜひご利用ください。客室は全室禁煙、全室無料でインターネット接続可能。12歳以下のお子様の添い寝は無料。ご家族でもご利用いただけます。 　　朝食は無料サービスで多彩なメニューを取り揃えています。 シーンに合わせてお好きなものをお好きなだけお召し上がりください,https://www.ikyu.com/00080193/?discsort=1&lc=1&ppc=2&rc=1&st=1
センチュリオンホテル＆スパ　上野駅前,センチュリオンホテル＆スパ　上野駅前,"2名税込16,072円〜",評価なし,https://www.ikyu.com/00082372/?discsort=1&lc=1&ppc=2&rc=1&st=1
ホテルマイステイズ浜松町,ホテルマイステイズ浜松町,"2名税込8,930円〜",ビジネス・東京観光の拠点として絶好のロケーション「浜松町」に立地し、快適性を追求した客室が、くつろぎのホテルライフをお約束します。,https://www.ikyu.com/00080277/?discsort=1&lc=1&ppc=2&rc=1&st=1
三交インGrande東京浜松町,三交インGrande東京浜松町,"2名税込9,912円〜",評価なし,https://www.ikyu.com/00081222/?discsort=1&lc=1&ppc=2&rc=1&st=1
ヴィラフォンテーヌ グランド 東京田町｜住友不動産,ヴィラフォンテーヌ グランド 東京田町｜住友不動産,"2名税込17,744円〜",評価なし,https://www.ikyu.com/00080639/?discsort=1&lc=1&ppc=2&rc=1&st=1
変なホテル東京　浅草橋,変なホテル東京　浅草橋,"2名税込10,134円〜",東京スカイツリーパートナーホテル！「変なホテル東京 浅草橋」では、最先端の人型ロボットがお客様をお出迎えします。ロボットによる非対面チェックイン。クリーニングマシン「LGスタイラー」設置の部屋もご用意。衣服の気になるニオイ・しわもさっとリフレッシュできます。浅草橋駅から徒歩3分、さらに羽田空港からもアクセスしやすい好立地。秋葉原・浅草エリアに近く、観光やビジネスの拠点として最適です。みなさまにあった滞在をお楽しみください。,https://www.ikyu.com/00082237/?discsort=1&lc=1&ppc=2&rc=1&st=1
ヴィラフォンテーヌ東京新宿｜住友不動産,ヴィラフォンテーヌ東京新宿｜住友不動産,"2名税込12,277円〜",評価なし,https://www.ikyu.com/00080635/?discsort=1&lc=1&ppc=2&rc=1&st=1
京王プレッソイン東京九段下,京王プレッソイン東京九段下,"2名税込10,280円〜",評価なし,https://www.ikyu.com/00080164/?discsort=1&lc=1&ppc=2&rc=1&st=1
アパホテル〈TKP東京西葛西〉,アパホテル〈TKP東京西葛西〉,"2名税込7,742円〜",東京メトロ東西線西葛西駅から徒歩1分。大手町・日本橋エリア迄電車で16分。舞浜・葛西臨海公園迄車で約25分。ビジネス・観光の拠点に最適です。ホテル周辺に飲食店やコンビニ、ドラッグストアが多数あり、出張や長期宿泊にも便利です。,https://www.ikyu.com/00081503/?discsort=1&lc=1&ppc=2&rc=1&st=1
アパホテル〈人形町駅東〉（全室禁煙）,アパホテル〈人形町駅東〉（全室禁煙）,"2名税込7,560円〜",評価なし,https://www.ikyu.com/00081972/?discsort=1&lc=1&ppc=2&rc=1&st=1
アパホテル〈浅草 蔵前北〉,アパホテル〈浅草 蔵前北〉,"2名税込7,110円〜",評価なし,https://www.ikyu.com/00082486/?discsort=1&lc=1&ppc=2&rc=1&st=1
相鉄フレッサイン東京錦糸町,相鉄フレッサイン東京錦糸町,"2名税込11,025円〜",評価なし,https://www.ikyu.com/00081373/?discsort=1&lc=1&ppc=2&rc=1&st=1
アパホテル〈六本木駅前〉,アパホテル〈六本木駅前〉,"2名税込7,560円〜",東京メトロ半蔵門線、都営地下鉄新宿線・三田線神保町駅A7出口より徒歩3分。JR総武線・中央御茶ノ水駅 御茶ノ水橋口より徒歩8分。都内主要ビジネスエリアはもちろん、東京ドーム、日本武道館など、レジャー、観光の拠点としてご利用いただけます。明治大学、日本大学など周辺大学へのアクセスも大変便利です。全室サータ社製のベッドを設置、全館Wi－Fi対応、高セキュリティのICカードキーを採用。ご満足とご安心をお約束するワンクラス上の「快適空間」をご用意いたしました。なお、当ホテルはキャッシュレス決済限定です。クレジットカードまたはQRコード決済をご利用ください。現金でのお支払いはお受けできません。,https://www.ikyu.com/00081044/?discsort=1&lc=1&ppc=2&rc=1&st=1
ヴィラフォンテーヌ東京日本橋箱崎｜住友不動産,ヴィラフォンテーヌ東京日本橋箱崎｜住友不動産,"2名税込11,102円〜",評価なし,https://www.ikyu.com/00080629/?discsort=1&lc=1&ppc=2&rc=1&st=1
JR西日本グループ ヴィアイン東銀座,JR西日本グループ ヴィアイン東銀座,"2名税込7,980円〜",評価なし,https://www.ikyu.com/00082003/?discsort=1&lc=1&ppc=2&rc=1&st=1
お茶の水ホテル昇龍館,お茶の水ホテル昇龍館,"朝食付2名税込12,290円〜",評価なし,https://www.ikyu.com/00080880/?discsort=1&lc=1&ppc=2&rc=1&st=1
JR西日本グループ ヴィアイン新宿,JR西日本グループ ヴィアイン新宿,"2名税込9,396円〜",評価なし,https://www.ikyu.com/00082001/?discsort=1&lc=1&ppc=2&rc=1&st=1
ヴィラフォンテーヌ東京神保町｜住友不動産,ヴィラフォンテーヌ東京神保町｜住友不動産,"2名税込7,816円〜",評価なし,https://www.ikyu.com/00080633/?discsort=1&lc=1&ppc=2&rc=1&st=1
moire HOTEL YOSHIWARA,moire HOTEL YOSHIWARA,"2名税込13,860円〜",評価なし,https://www.ikyu.com/00082231/?discsort=1&lc=1&ppc=2&rc=1&st=1
相鉄フレッサイン御茶ノ水神保町,相鉄フレッサイン御茶ノ水神保町,"2名税込9,180円〜",東京メトロ半蔵門線、都営地下鉄新宿線・三田線神保町駅A7出口より徒歩3分。JR総武線・中央御茶ノ水駅 御茶ノ水橋口より徒歩8分。都内主要ビジネスエリアはもちろん、東京ドーム、日本武道館など、レジャー、観光の拠点としてご利用いただけます。明治大学、日本大学など周辺大学へのアクセスも大変便利です。全室サータ社製のベッドを設置、全館Wi－Fi対応、高セキュリティのICカードキーを採用。ご満足とご安心をお約束するワンクラス上の「快適空間」をご用意いたしました。なお、当ホテルはキャッシュレス決済限定です。クレジットカードまたはQRコード決済をご利用ください。現金でのお支払いはお受けできません。,https://www.ikyu.com/00081014/?discsort=1&lc=1&ppc=2&rc=1&st=1
チサンホテル蒲田,チサンホテル蒲田,"2名税込7,448円〜",評価なし,https://www.ikyu.com/00080871/?discsort=1&lc=1&ppc=2&rc=1&st=1
アパホテル〈浅草 新御徒町駅前〉,アパホテル〈浅草 新御徒町駅前〉,"2名税込7,200円〜",評価なし,https://www.ikyu.com/00082434/?discsort=1&lc=1&ppc=2&rc=1&st=1
イチホテル上野新御徒町,イチホテル上野新御徒町,"2名税込9,164円〜",評価なし,https://www.ikyu.com/00081661/?discsort=1&lc=1&ppc=2&rc=1&st=1
HOTEL SUI KANDA by ABEST,HOTEL SUI KANDA by ABEST,"2名税込11,270円〜",評価なし,https://www.ikyu.com/00081664/?discsort=1&lc=1&ppc=2&rc=1&st=1
ホテルリズベリオ赤坂,ホテルリズベリオ赤坂,"2名税込20,500円〜",評価なし,https://www.ikyu.com/00081087/?discsort=1&lc=1&ppc=2&rc=1&st=1
アパホテル〈永田町半蔵門駅前〉,アパホテル〈永田町半蔵門駅前〉,"2名税込8,100円〜",評価なし,https://www.ikyu.com/00080965/?discsort=1&lc=1&ppc=2&rc=1&st=1
ラクシオ・イン,ラクシオ・イン,"朝食付2名税込10,880円〜",評価なし,https://www.ikyu.com/00081268/?discsort=1&lc=1&ppc=2&rc=1&st=1
アパホテル〈八丁堀 新富町〉,アパホテル〈八丁堀 新富町〉,"2名税込8,190円〜",評価なし,https://www.ikyu.com/00081443/?discsort=1&lc=1&ppc=2&rc=1&st=1
アパホテル〈蒲田駅前〉,アパホテル〈蒲田駅前〉,"2名税込7,560円〜",評価なし,https://www.ikyu.com/00082394/?discsort=1&lc=1&ppc=2&rc=1&st=1
Resort villa miko,Resort villa miko,"2名税込32,340円〜",評価なし,https://www.ikyu.com/00050971/?discsort=1&lc=1&ppc=2&rc=1&st=1
アパホテル〈東新宿歌舞伎町タワー〉,アパホテル〈東新宿歌舞伎町タワー〉,"2名税込9,718円〜",評価なし,https://www.ikyu.com/00082069/?discsort=1&lc=1&ppc=2&rc=1&st=1
アパホテル〈東京西葛西駅前〉,アパホテル〈東京西葛西駅前〉,"2名税込7,560円〜",評価なし,https://www.ikyu.com/00082658/?discsort=1&lc=1&ppc=2&rc=1&st=1
京王プレッソイン赤坂,京王プレッソイン赤坂,"2名税込7,200円〜",東京駅八重洲中央口から徒歩6分の好立地なホテル。新幹線をはじめ主要鉄道網の中核であるJR東京駅が最寄り駅で、日本最大級のバスターミナルも至近。さらに、羽田空港から約30分、成田空港から約70分と、ビジネス・観光の拠点として最適です。老舗が軒を連ねる日本橋や皇居へは徒歩圏内、築地場外市場などの観光名所へもアクセス抜群です。全館無料Wi-Fiのほか、全95室の客室には、エアコン、衛星放送を視聴できるテレビを完備。24時間フロント対応をはじめ、ブッフェ朝食、キッズスペースのあるラウンジ、ランドリーコーナーなどの充実した施設・サービスをご提供。モダンなインテリアが特徴の都市型ホテルです。,https://www.ikyu.com/00081038/?discsort=1&lc=1&ppc=2&rc=1&st=1
からくさホテル TOKYO STATION,からくさホテル TOKYO STATION,"2名税込22,440円〜",新幹線をはじめ、全国の主要鉄道網の中核となるJR東京駅から約5分の好立地。駅周辺の各バスターミナルにも近く、日本旅行の拠点に大変便利なロケーションです。また、緑あふれる皇居や、老舗が軒を連ねる日本橋も徒歩圏内です。21㎡以上のツインルームを43室ご用意。3名様までご宿泊いただけるお部屋は94室あり、うち40室は隣り合う客室を内扉でつなぎ、最大6名様までご利用可能な人気のコネクティングルームです。さらに、ハリウッドツインや、4名様用・6名様用の和室も備えた全151室は、幅広いお客様に快適なご滞在をお届けします。都内観光はもちろん、全国各地へのご旅行に、からくさホテル TOKYO STATIONをぜひご利用ください。,https://www.ikyu.com/00082188/?discsort=1&lc=1&ppc=2&rc=1&st=1
チサンホテル浜松町,チサンホテル浜松町,"2名税込8,910円〜",評価なし,https://www.ikyu.com/00080072/?discsort=1&lc=1&ppc=2&rc=1&st=1
アパホテル〈八丁堀駅南〉,アパホテル〈八丁堀駅南〉,"2名税込8,100円〜",評価なし,https://www.ikyu.com/00080714/?discsort=1&lc=1&ppc=2&rc=1&st=1
アパホテル〈小伝馬町駅前〉,アパホテル〈小伝馬町駅前〉,"2名税込7,560円〜",評価なし,https://www.ikyu.com/00080783/?discsort=1&lc=1&ppc=2&rc=1&st=1
ホテルアマネク蒲田駅前,ホテルアマネク蒲田駅前,"2名税込9,190円〜",評価なし,https://www.ikyu.com/00081907/?discsort=1&lc=1&ppc=2&rc=1&st=1
ホテルマイステイズ浅草,ホテルマイステイズ浅草,"2名税込5,488円〜",評価なし,https://www.ikyu.com/00081001/?discsort=1&lc=1&ppc=2&rc=1&st=1
ホテルマイステイズ蒲田,ホテルマイステイズ蒲田,"2名税込7,410円〜",評価なし,https://www.ikyu.com/00080278/?discsort=1&lc=1&ppc=2&rc=1&st=1
京王プレッソイン大手町,京王プレッソイン大手町,"2名税込15,275円〜",評価なし,https://www.ikyu.com/00080160/?discsort=1&lc=1&ppc=2&rc=1&st=1
アパホテル〈御茶ノ水駅北〉,アパホテル〈御茶ノ水駅北〉,"2名税込8,100円〜",東京ドームへは徒歩19分、東京駅・新宿駅へは中央線快速電車を利用し2駅乗り換え無し！アクセス自慢のホテルです。神田明神、湯島天神などの寺社や谷根千（谷中、根津、千駄木）へも徒歩圏内、散策の拠点に是非！客室は全室快眠を追求したアパホテルオリジナルベッド「Cloud fit(クラウドフィット)」を導入、全室50型大型液晶テレビ（東芝レグザ）完備、通信速度とセキュリティの面で優れたWi-Fi無料接続(有線LANと同時使用可能)。（※スライド画像はイメージです。）,https://www.ikyu.com/00081190/?discsort=1&lc=1&ppc=2&rc=1&st=1
アパホテル〈日本橋 馬喰町駅北〉,アパホテル〈日本橋 馬喰町駅北〉,"2名税込7,560円〜",評価なし,https://www.ikyu.com/00081521/?discsort=1&lc=1&ppc=2&rc=1&st=1
くれたけイン東京船堀,くれたけイン東京船堀,"2名税込7,488円〜",評価なし,https://www.ikyu.com/00081380/?discsort=1&lc=1&ppc=2&rc=1&st=1
ヴィラフォンテーヌ東京八丁堀｜住友不動産,ヴィラフォンテーヌ東京八丁堀｜住友不動産,"2名税込15,458円〜",八丁堀駅より徒歩3分。舞浜へは乗り換えなし約13分と好アクセス。スタイリッシュな客室。銀座や東京駅周辺にも便利な立地でショッピングの拠点にもおすすめ。,https://www.ikyu.com/00080627/?discsort=1&lc=1&ppc=2&rc=1&st=1
相鉄フレッサイン東京神田,相鉄フレッサイン東京神田,"2名税込11,800円〜",評価なし,https://www.ikyu.com/00081473/?discsort=1&lc=1&ppc=2&rc=1&st=1
からくさホテルカラーズ東京八重洲,からくさホテルカラーズ東京八重洲,"2名税込22,265円〜",東京駅八重洲中央口から徒歩6分の好立地なホテル。新幹線をはじめ主要鉄道網の中核であるJR東京駅が最寄り駅で、日本最大級のバスターミナルも至近。さらに、羽田空港から約30分、成田空港から約70分と、ビジネス・観光の拠点として最適です。老舗が軒を連ねる日本橋や皇居へは徒歩圏内、築地場外市場などの観光名所へもアクセス抜群です。全館無料Wi-Fiのほか、全95室の客室には、エアコン、衛星放送を視聴できるテレビを完備。24時間フロント対応をはじめ、ブッフェ朝食、キッズスペースのあるラウンジ、ランドリーコーナーなどの充実した施設・サービスをご提供。モダンなインテリアが特徴の都市型ホテルです。,https://www.ikyu.com/00082689/?discsort=1&lc=1&ppc=2&rc=1&st=1
変なホテル東京　浜松町,変なホテル東京　浜松町,"2名税込10,044円〜",評価なし,https://www.ikyu.com/00082244/?discsort=1&lc=1&ppc=2&rc=1&st=1
Premium hotel MONday 舞浜ビューⅠ,東京都・江戸川区,"2名税込15,120円〜",評価なし,https://www.ikyu.com/00003399/?discsort=1&lc=1&ppc=2&rc=1&st=1
芝パークホテル,東京都・浜松町,"2名税込31,590円〜",評価なし,https://www.ikyu.com/00002962/?discsort=1&lc=1&ppc=2&rc=1&st=1
ネストホテル東京八重洲,ネストホテル東京八重洲,"2名税込16,758円〜",評価なし,https://www.ikyu.com/00082625/?discsort=1&lc=1&ppc=2&rc=1&st=1
アパホテル〈築地駅南〉,アパホテル〈築地駅南〉,"2名税込7,200円〜",評価なし,https://www.ikyu.com/00080715/?discsort=1&lc=1&ppc=2&rc=1&st=1
京王プレッソイン神田,京王プレッソイン神田,"2名税込10,144円〜",JR山手線・京浜東北線 田町駅より徒歩4分。都営浅草線 三田駅より徒歩7分、ゆりかもめ芝浦ふ頭駅より徒歩15分。2020年8月1日、「相鉄フレッサイン 東京田町 ANNEX（別館）」がオープン。東京、品川の都内主要ビジネスエリアはもちろん、レジャー、観光の拠点としてご利用いただけます。本館は全室シーリー社製、別館はシモンズ社製のベッドを設置。全館Wi-Fi対応、高セキュリティのICカードキー採用。ご満足とご安心をお約束するワンクラス上の「快適空間」をご用意いたしました。,https://www.ikyu.com/00080158/?discsort=1&lc=1&ppc=2&rc=1&st=1
アパホテル〈浅草 雷門南〉（全室禁煙）,アパホテル〈浅草 雷門南〉（全室禁煙）,"2名税込8,100円〜",2021年9月新築オープン！　雷門まで徒歩3分で浅草観光の拠点としても立地抜群。全室50型以上大型テレビ（ミラーリング機能付き）でテレワークにも便利。・都営浅草線「浅草駅」(A4出口)　徒歩2分・東京メトロ銀座線「浅草駅」(2番出口)　徒歩3分・東武鉄道「浅草駅」(正面改札口)　徒歩4分・つくばエクスプレス「浅草駅」(国際通りA1出口)　徒歩8分,https://www.ikyu.com/00082314/?discsort=1&lc=1&ppc=2&rc=1&st=1
高濃度炭酸泉 茜草の湯 スーパーホテルPremier赤坂,高濃度炭酸泉 茜草の湯 スーパーホテルPremier赤坂,"高濃度人工炭酸泉（男女入替制）を完備！赤坂駅1番出口から徒歩2分。赤坂見附駅10番出口から徒歩4分。1階にはコンビニが併設。渋谷、原宿、六本木、表参道、麻布十番など東京観光に便利な位置にございます。また、ご宿泊のお客様へウェルカムバーをご用意しております！2階カフェコーナーでアルコール、ソフトドリンクをご提供いたします。ご宿泊者様以外の方は有料（2杯1,000円～）でLohasカフェをご利用頂けます。ご自身でお酒を作るスタイルですので、是非お好みのお酒を作ってみてください。",評価なし,https://www.ikyu.com/00081054/?discsort=1&lc=1&ppc=2&rc=1&st=1
伊豆大島 ホテル＆リゾート マシオ,東京都・伊豆大島,"2名税込30,690円〜",評価なし,https://www.ikyu.com/00001288/?discsort=1&lc=1&ppc=2&rc=1&st=1
ACホテル・バイ・マリオット東京銀座,東京都・銀座,"ポイント2%（1,086円分）獲得",ビジネスや観光の拠点として便利な国際的にも認知度の高い「銀座」に位置しています。国内外からのゲストの多様なニーズにお応えするサービスを提供します。,https://www.ikyu.com/00002803/?discsort=1&lc=1&ppc=2&rc=1&st=1
ホテル アマネク新宿歌舞伎町,ホテル アマネク新宿歌舞伎町,"2名税込24,944円〜",評価なし,https://www.ikyu.com/00082525/?discsort=1&lc=1&ppc=2&rc=1&st=1
メルキュール東京日比谷,東京都・千代田区,ポイント2%（722円分）獲得,評価なし,https://www.ikyu.com/00003077/?discsort=1&lc=1&ppc=2&rc=1&st=1
エスペリアイン日本橋箱崎,エスペリアイン日本橋箱崎,"2名税込14,112円〜",評価なし,https://www.ikyu.com/00081776/?discsort=1&lc=1&ppc=2&rc=1&st=1
すえひろの湯　ドーミーイン秋葉原,すえひろの湯　ドーミーイン秋葉原,"2名税込13,720円〜",評価なし,https://www.ikyu.com/00080490/?discsort=1&lc=1&ppc=2&rc=1&st=1
アパホテル〈東京九段下〉,アパホテル〈東京九段下〉,"2名税込8,190円〜",最寄駅は都営新宿線、東京メトロ半蔵門線、東西線「九段下駅」より徒歩5分。JR、地下鉄各線（有楽町線、南北線、大江戸線）「飯田橋駅」からも徒歩7分です。日本武道館、東京ドーム、靖国神社が徒歩圏内と東京滞在の拠点としてビジネス・レジャーともに最適な立地です。東京の中心地でありながら、周辺は落ち着いた雰囲気であり、女性・ご家族でも安心してご滞在いただけます。全室「シーリー社」と共同開発したアパホテルオリジナルベッド「CloudFit」採用！包みこまれる感覚の快適ベッドで、心ゆくまで、おくつろぎください。,https://www.ikyu.com/00080782/?discsort=1&lc=1&ppc=2&rc=1&st=1
コンフォートホテル東京神田,コンフォートホテル東京神田,"朝食付2名税込11,210円〜",評価なし,https://www.ikyu.com/00080192/?discsort=1&lc=1&ppc=2&rc=1&st=1
相鉄フレッサイン東京東陽町駅前,相鉄フレッサイン東京東陽町駅前,"2名税込9,180円〜",東京メトロ東西線東陽町駅より徒歩1分。東京ディズニーリゾート、東京ビッグサイト、お台場、葛西臨海公園、幕張等の東京湾地区に加え、大手町、日本橋、茅場町の他、都内主要ビジネスエリアはもちろん、レジャー、観光の拠点としてご利用いただけます。全館Wi-Fi対応、高セキュリティのICカードキーを採用。ご満足とご安心をお約束するワンクラス上の「快適空間」をご用意いたしました。なお、当ホテルはキャッシュレス決済限定です。ご宿泊代につきましてはクレジットカードまたはQRコード決済をご利用ください。現金でのお支払いはお受けできません。,https://www.ikyu.com/00080844/?discsort=1&lc=1&ppc=2&rc=1&st=1
ノーガホテル 秋葉原 東京 (NOHGA HOTEL),東京都・末広町駅から徒歩4分,"2名税込19,450円〜",東京・秋葉原。振り返ればいつだってここは、日本のカルチャーの真っ先を行く人々や情報、モノが交錯する場所でした。たとえば文化とクリエイティビティのバトンをつないできたモノづくりの数々。また、レコードショップが建ち並んでいた時代には、日本全国の音楽フリークが熱視線を送り、いくつもの流行がこの地から発信されていました。同時期の大きな青果市場が賑わっていた時代、庶民や食通をうならせる食の発祥地でもありました。そして2020年。日本屈指のエレクトロニクス街として、アイドルやアニメの聖地として、マンガやゲームを中心としたサブカルチャーの震源地として、また、新たなアートの発信地として、その交錯はより多様に、より強烈なものへと進化を遂げています。東京・秋葉原、ここはあらゆるカルチャーが交錯する街。都心に位置する秋葉原は、アクティブな旅の拠点として無限の可能性を秘めています。世界中の好奇心を刺激する、唯一無二のエネルギーに触れに行きましょう。,https://www.ikyu.com/00002746/?discsort=1&lc=1&ppc=2&rc=1&st=1
アパホテル〈東新宿 歌舞伎町〉,アパホテル〈東新宿 歌舞伎町〉,"2名税込9,090円〜",評価なし,https://www.ikyu.com/00081016/?discsort=1&lc=1&ppc=2&rc=1&st=1
HOTEL SUI AKASAKA by ABEST,HOTEL SUI AKASAKA by ABEST,"2名税込15,295円〜",評価なし,https://www.ikyu.com/00081662/?discsort=1&lc=1&ppc=2&rc=1&st=1
浅草東武ホテル,浅草東武ホテル,"2名税込16,560円〜",各「浅草駅」から好アクセス。浅草・押上エリア観光の拠点にも最適,https://www.ikyu.com/00081995/?discsort=1&lc=1&ppc=2&rc=1&st=1
ホテルマイステイズ日暮里,ホテルマイステイズ日暮里,"2名税込9,180円〜",日暮里駅から徒歩約5分。2024年11月客室リニューアル。2段ベッドをキッチン備えた「バンクツイン」やベッド幅140㎝のゆったりとした「スタンダードダブルルーム」が登場。都市部や成田空港へのアクセスに優れた当ホテルは、「アクティブなゲストの拠点」をコンセプトに、機能的かつ心地よい空間作りを目指しました。明るくカジュアルなデザインの客室はユニットバスを含めリニューアルし、より快適にお過ごしいただける環境を整えております。調理器具の貸し出しやランドリールームも備え、長期滞在にもおすすめです。,https://www.ikyu.com/00080751/?discsort=1&lc=1&ppc=2&rc=1&st=1
相鉄フレッサイン新橋日比谷口,相鉄フレッサイン新橋日比谷口,"2名税込13,330円〜",2013年2月オープン。ＪＲ新橋駅(山手線・京浜東北線・東海道線・横須賀線)日比谷口から1分と最も近いホテル。東京メトロ銀座線新橋駅7番出口からも1分。都営地下鉄浅草線・ゆりかもめ新橋駅からは4分。都営地下鉄三田線内幸町駅A2出口からは徒歩3分とアクセス抜群。新幹線や羽田空港を利用するビジネスの拠点はもちろん、銀座・汐留は徒歩圏内。また東京スカイツリーR・お台場・東京ビッグサイト・渋谷へも、乗換えなしと観光やショッピングの拠点として交通至便なスタイリッシュなホテルです。ご満足とご安心をお約束するワンランク上の「快適空間」です。,https://www.ikyu.com/00080861/?discsort=1&lc=1&ppc=2&rc=1&st=1
天然温泉 奥湯河原の湯 スーパーホテルPremier銀座,天然温泉 奥湯河原の湯 スーパーホテルPremier銀座,"2名税込15,092円〜",評価なし,https://www.ikyu.com/00081636/?discsort=1&lc=1&ppc=2&rc=1&st=1
相鉄フレッサイン東京田町,相鉄フレッサイン東京田町,"2名税込10,144円〜",JR山手線・京浜東北線 田町駅より徒歩4分。都営浅草線 三田駅より徒歩7分、ゆりかもめ芝浦ふ頭駅より徒歩15分。2020年8月1日、「相鉄フレッサイン 東京田町 ANNEX（別館）」がオープン。東京、品川の都内主要ビジネスエリアはもちろん、レジャー、観光の拠点としてご利用いただけます。本館は全室シーリー社製、別館はシモンズ社製のベッドを設置。全館Wi-Fi対応、高セキュリティのICカードキー採用。ご満足とご安心をお約束するワンクラス上の「快適空間」をご用意いたしました。,https://www.ikyu.com/00080853/?discsort=1&lc=1&ppc=2&rc=1&st=1
アパホテル〈秋葉原駅前〉,アパホテル〈秋葉原駅前〉,"2名税込9,410円〜",東京メトロ東西線・日比谷線「茅場町駅」より徒歩1分、都営地下鉄浅草線「日本橋駅」より徒歩5分。都内主要エリアや東京ディズニーリゾート、東京スカイツリーなどの観光施設へのアクセスが良く、ビジネス、レジャーの拠点としてご利用いただけます。デザイン性の高い客室には、シーリー社製のベッドを設置し、全室禁煙、ICカードキー採用による高セキュリティを実現。なお、当ホテルはキャッシュレス決済限定です。ご宿泊代につきましてはクレジットカードまたはQRコード決済をご利用ください。現金でのお支払いはお受けできません。,https://www.ikyu.com/00080832/?discsort=1&lc=1&ppc=2&rc=1&st=1
アパホテル〈東京木場〉,アパホテル〈東京木場〉,"2名税込7,650円〜",評価なし,https://www.ikyu.com/00080936/?discsort=1&lc=1&ppc=2&rc=1&st=1
アパホテル〈銀座 新富町駅前北〉,アパホテル〈銀座 新富町駅前北〉,"2名税込8,190円〜",評価なし,https://www.ikyu.com/00081202/?discsort=1&lc=1&ppc=2&rc=1&st=1
ホテルマイステイズプレミア浜松町,東京都・浜松町,"2名税込19,992円〜",評価なし,https://www.ikyu.com/00000464/?discsort=1&lc=1&ppc=2&rc=1&st=1
アパホテル〈大森駅前〉（全室禁煙）,アパホテル〈大森駅前〉（全室禁煙）,"2名税込7,560円〜",評価なし,https://www.ikyu.com/00082030/?discsort=1&lc=1&ppc=2&rc=1&st=1
アパホテル〈新宿 歌舞伎町中央〉,アパホテル〈新宿 歌舞伎町中央〉,"2名税込9,520円〜",評価なし,https://www.ikyu.com/00081784/?discsort=1&lc=1&ppc=2&rc=1&st=1
アパホテル〈日本橋浜町駅南〉,アパホテル〈日本橋浜町駅南〉,"2名税込7,110円〜",評価なし,https://www.ikyu.com/00080713/?discsort=1&lc=1&ppc=2&rc=1&st=1
京王プレッソイン五反田,京王プレッソイン五反田,"2名税込8,645円〜",評価なし,https://www.ikyu.com/00080162/?discsort=1&lc=1&ppc=2&rc=1&st=1
アパホテル〈東新宿 歌舞伎町東〉,アパホテル〈東新宿 歌舞伎町東〉,"2名税込8,874円〜",評価なし,https://www.ikyu.com/00081260/?discsort=1&lc=1&ppc=2&rc=1&st=1
フレックステイイン品川,フレックステイイン品川,"2名税込7,440円〜",評価なし,https://www.ikyu.com/00081010/?discsort=1&lc=1&ppc=2&rc=1&st=1
アパホテル〈上野駅北〉（全室禁煙）,アパホテル〈上野駅北〉（全室禁煙）,"2名税込7,560円〜",評価なし,https://www.ikyu.com/00081109/?discsort=1&lc=1&ppc=2&rc=1&st=1
アパホテル〈浅草 蔵前駅前〉,アパホテル〈浅草 蔵前駅前〉,"2名税込7,200円〜",評価なし,https://www.ikyu.com/00082453/?discsort=1&lc=1&ppc=2&rc=1&st=1
アパホテル〈東日本橋駅前〉,アパホテル〈東日本橋駅前〉,"2名税込7,560円〜",評価なし,https://www.ikyu.com/00080975/?discsort=1&lc=1&ppc=2&rc=1&st=1
ドーミーインEXPRESS目黒青葉台,ドーミーインEXPRESS目黒青葉台,"2名税込16,660円〜",評価なし,https://www.ikyu.com/00081321/?discsort=1&lc=1&ppc=2&rc=1&st=1
JR西日本グループ ヴィアイン秋葉原,JR西日本グループ ヴィアイン秋葉原,"2名税込7,980円〜",秋葉原駅より徒歩約3分。東京での出張・ビジネスの拠点として抜群なホテル,https://www.ikyu.com/00082000/?discsort=1&lc=1&ppc=2&rc=1&st=1
京王プレッソイン池袋,京王プレッソイン池袋,"2名税込9,016円〜",ターミナル駅である池袋駅・東口から徒歩4分。グリーン大通り沿いにあり、観光、ビジネスの拠点に便利。レディースルーム・セミダブルルームには「ReFa」のシャワーヘッドを採用。レディースルーム専用フロアには、350冊の漫画コーナーや、スタッフ厳選のアイテムが揃い、快適にお過ごしいただけます。朝食は、黒毛和牛のメンチカツに彩り豊かなサラダやデザート、パンに特製カレーなど、豊富なメニューのフルビュッフェをご用意しております。,https://www.ikyu.com/00080163/?discsort=1&lc=1&ppc=2&rc=1&st=1
アパホテル〈駒込駅前〉,アパホテル〈駒込駅前〉,"2名税込7,200円〜",評価なし,https://www.ikyu.com/00081768/?discsort=1&lc=1&ppc=2&rc=1&st=1
アパホテル〈上野駅南〉,アパホテル〈上野駅南〉,"2名税込8,100円〜",全部屋50型以上の液晶テレビ、お持ちのスマートフォンの画面をテレビに映し出すミラーリング機能、Wi-Fi無料接続、ベッドの枕元に照明・空調・コンセントを集約させた集中コントローラー、「ナノイーX」機能付き空調、環境に配慮したバイオマスを使用したハイグレードアメニティなど、客室はコンパクトながらも高品質・高機能・環境対応型をコンセプトとした「新都市型ホテル」です。アメヤ横丁まで徒歩3分、上野動物園まで徒歩10分、浅草寺まで地下鉄で5分。上野・浅草エリアの観光拠点にどうぞ！,https://www.ikyu.com/00082439/?discsort=1&lc=1&ppc=2&rc=1&st=1
相鉄フレッサイン日本橋茅場町,相鉄フレッサイン日本橋茅場町,"2名税込9,690円〜",東京メトロ東西線・日比谷線「茅場町駅」より徒歩1分、都営地下鉄浅草線「日本橋駅」より徒歩5分。都内主要エリアや東京ディズニーリゾート、東京スカイツリーなどの観光施設へのアクセスが良く、ビジネス、レジャーの拠点としてご利用いただけます。デザイン性の高い客室には、シーリー社製のベッドを設置し、全室禁煙、ICカードキー採用による高セキュリティを実現。なお、当ホテルはキャッシュレス決済限定です。ご宿泊代につきましてはクレジットカードまたはQRコード決済をご利用ください。現金でのお支払いはお受けできません。,https://www.ikyu.com/00080852/?discsort=1&lc=1&ppc=2&rc=1&st=1
ランドーレジデンス東京スイーツ,ランドーレジデンス東京スイーツ,"2名税込9,410円〜",評価なし,https://www.ikyu.com/00050948/?discsort=1&lc=1&ppc=2&rc=1&st=1
SAKE Bar Hotel ASAKUSA,SAKE Bar Hotel ASAKUSA,"2名税込7,200円〜",東新宿駅より徒歩1分の利便性、にぎわいの街「新宿歌舞伎町」のすぐ隣りにある静寂なホテル。ビジネス・観光の拠点に最適。,https://www.ikyu.com/00082623/?discsort=1&lc=1&ppc=2&rc=1&st=1
アパホテル〈八王子駅北〉,アパホテル〈八王子駅北〉,"2名税込7,644円〜",評価なし,https://www.ikyu.com/00082048/?discsort=1&lc=1&ppc=2&rc=1&st=1
hotel MONday 東京西葛西,hotel MONday 東京西葛西,"2名税込8,700円〜",評価なし,https://www.ikyu.com/00081742/?discsort=1&lc=1&ppc=2&rc=1&st=1
アパホテル〈品川 戸越駅前〉（全室禁煙）,アパホテル〈品川 戸越駅前〉（全室禁煙）,"2名税込8,100円〜",評価なし,https://www.ikyu.com/00082174/?discsort=1&lc=1&ppc=2&rc=1&st=1
クインテッサホテル東京銀座,クインテッサホテル東京銀座,"2名税込18,390円〜",東京メトロ　日比谷線　東銀座駅A3出口より徒歩1分、都営地下鉄　浅草線　東銀座駅A7出口より徒歩1分、歌舞伎座からも徒歩1分の便利な立地で、ビジネスはもちろん歌舞伎座をはじめとした東京観光の拠点に最適なホテルです。路地裏に佇むモダンな館内は銀座の空気をそのままに、エレガンスで上質な時間の流れをご堪能いただけます。快適さと機能性にこだわった客室で、ご利用いただく全てのお客様に旅の疲れを癒す寛ぎの時間をお届けいたします。,https://www.ikyu.com/00081841/?discsort=1&lc=1&ppc=2&rc=1&st=1
MIMARU SUITES 東京日本橋,MIMARU SUITES 東京日本橋,"2名税込64,160円〜",評価なし,https://www.ikyu.com/00031112/?discsort=1&lc=1&ppc=2&rc=1&st=1
相鉄フレッサイン東京赤坂,相鉄フレッサイン東京赤坂,"2名税込10,286円〜",評価なし,https://www.ikyu.com/00080780/?discsort=1&lc=1&ppc=2&rc=1&st=1
アルモントイン東京日本橋,アルモントイン東京日本橋,"2名税込8,570円〜",評価なし,https://www.ikyu.com/00080448/?discsort=1&lc=1&ppc=2&rc=1&st=1
アパホテル〈秋葉原駅東〉,アパホテル〈秋葉原駅東〉,"2名税込8,190円〜",評価なし,https://www.ikyu.com/00082335/?discsort=1&lc=1&ppc=2&rc=1&st=1
ホテルサードニクス上野,ホテルサードニクス上野,"朝食付2名税込12,240円〜",評価なし,https://www.ikyu.com/00080595/?discsort=1&lc=1&ppc=2&rc=1&st=1
ホテルマイステイズ東池袋,ホテルマイステイズ東池袋,"2名税込6,958円〜",池袋より1駅、JR山手線「大塚駅」徒歩7分。「新大塚駅」「東池袋駅」も徒歩圏内にあり、池袋サンシャインシティへは徒歩5分！コンビニや飲食店も近隣にあり、ビジネス・観光など、都心における活動拠点として最適です。もっと自由に、もっと快適に都会を賢く使いこなす、フレキシブルな滞在をご提案します。ゆったりとした室内は、全室インターネット接続無料・電気スタンド・広々としたライティングデスクを設置。電子レンジ・電気ケトルも全室完備。一部客室にはミニキッチンも用意しております。24時間利用可能なコインランドリーもあり、通常のホテルの機能に加え、長期滞在用の快適さと機能性にも優れています。,https://www.ikyu.com/00080753/?discsort=1&lc=1&ppc=2&rc=1&st=1
アパホテル〈上野広小路〉,アパホテル〈上野広小路〉,"2名税込11,172円〜",評価なし,https://www.ikyu.com/00082074/?discsort=1&lc=1&ppc=2&rc=1&st=1
アパホテル〈新橋 虎ノ門〉,アパホテル〈新橋 虎ノ門〉,"2名税込9,180円〜",「新橋」から徒歩約6分、都営三田線「内幸町」から約3分でJR・地下鉄複数路線を網羅！東京タワー・日比谷公園・虎ノ門ヒルズが徒歩圏内！東京観光・ビジネスの拠点として最適のホテル！,https://www.ikyu.com/00080939/?discsort=1&lc=1&ppc=2&rc=1&st=1
アパホテル〈秋葉原駅北〉,アパホテル〈秋葉原駅北〉,"2名税込8,100円〜",評価なし,https://www.ikyu.com/00082113/?discsort=1&lc=1&ppc=2&rc=1&st=1
fav 東京両国,fav 東京両国,"朝食付2名税込20,311円〜",評価なし,https://www.ikyu.com/00082583/?discsort=1&lc=1&ppc=2&rc=1&st=1
ホテルウィングインターナショナルセレクト浅草駒形,ホテルウィングインターナショナルセレクト浅草駒形,"2名税込9,500円〜",2016年12月26日（月）Grand Open!!都営浅草線「浅草駅」から徒歩1分。成田空港・羽田空港双方へのアクセス至便。都内観光の拠点に最適。隅田川・スカイツリーを一望できるルーフトップを開放。伝統文化を感じる和風モダンなデザインの客室で、心やすらぐホテルステイを,https://www.ikyu.com/00081255/?discsort=1&lc=1&ppc=2&rc=1&st=1
アパホテル〈TKP日暮里駅前〉,アパホテル〈TKP日暮里駅前〉,"【全室標準仕様】・快眠を追求したアパホテルオリジナルベッド「Cloud fit(クラウドフィット)」・アパホテルオリジナル3Dメッシュまくら「Air Relax(エアーリラックス)」導入※通気性、速乾性に優れておりベッドとの相性を科学的に検証し高さをあえて低くすることで、体圧分散に優れた効果を発揮・全室50型大型液晶テレビ（SHARP AQUOS）標準設置・BBCワールドニュース 無料放映・通信速度とセキュリティの面で優れたWi-Fi無料接続(有線LANと同時使用可能)・携帯、スマホの充電に便利な枕元の電源 ・照明スイッチ類、空調リモコンを枕元のヘッドボードに集約 ・全室VODアパルームシアター(1泊1,000円で日替わり162タイトル見放題) ・全室ふんわりやわらか高級羽毛布団(デュベ)完備・全室温水洗浄便座完備",評価なし,https://www.ikyu.com/00081354/?discsort=1&lc=1&ppc=2&rc=1&st=1
相鉄フレッサイン浜松町大門,相鉄フレッサイン浜松町大門,JR山手線・京浜東北線・東京モノレール 浜松町駅、都営浅草線・大江戸線 大門駅、都営三田線 御成門駅の3駅から徒歩圏内。羽田空港からのアクセスも良く、都内主要ビジネスエリアはもちろん、観光の拠点としてご利用いただけるスタイリッシュなホテル。全室シーリー社製ベッドを設置、全館Wi-Fi対応。ご満足とご安心をお約束するワンクラス上の「快適空間」をご用意いたしました。首都圏一円のビジネス・レジャーの拠点に、空の旅の前泊・後泊に、是非ご利用ください。,JR山手線・京浜東北線・東京モノレール 浜松町駅、都営浅草線・大江戸線 大門駅、都営三田線 御成門駅の3駅から徒歩圏内。羽田空港からのアクセスも良く、都内主要ビジネスエリアはもちろん、観光の拠点としてご利用いただけるスタイリッシュなホテル。全室シーリー社製ベッドを設置、全館Wi-Fi対応。ご満足とご安心をお約束するワンクラス上の「快適空間」をご用意いたしました。首都圏一円のビジネス・レジャーの拠点に、空の旅の前泊・後泊に、是非ご利用ください。,https://www.ikyu.com/00080759/?discsort=1&lc=1&ppc=2&rc=1&st=1
相鉄フレッサイン 東新宿駅前,相鉄フレッサイン 東新宿駅前,"2名税込11,858円〜",東新宿駅より徒歩1分の利便性、にぎわいの街「新宿歌舞伎町」のすぐ隣りにある静寂なホテル。ビジネス・観光の拠点に最適。,https://www.ikyu.com/00080262/?discsort=1&lc=1&ppc=2&rc=1&st=1
アパホテル〈上野 稲荷町駅北〉,アパホテル〈上野 稲荷町駅北〉,"2名税込7,200円〜",評価なし,https://www.ikyu.com/00081731/?discsort=1&lc=1&ppc=2&rc=1&st=1
相鉄フレッサイン新橋烏森口,相鉄フレッサイン新橋烏森口,ポイント2%（342円分）獲得,マリオットの最高級ラグジュアリーライフスタイルホテル「エディション」の東京第二号店として、東京エディション銀座が誕生。高級ブランドやブティック、ミシュランの星付きレストランや老舗店が立ち並ぶ中央通りから至近の絶好のロケーションに位置しながら、洗練されたデザインと最高級のサービス、そして極上のダイニングとエンターテイメントをご提供いたします。創設者・イアン・シュレーガーの理念のもと、世界的建築家・隈研吾氏が創り上げた空間には、10室のスイートを含む全85室のゲストルームをはじめ、ロビーバーやルーフトップバー、日本で唯一のパンチにフォーカスしたカクテルバーやモダンブラッスリーなど、ユニークな4つのレストラン＆バーほか、最先端マシンを揃えたジムも完備。東京エディション銀座を旅の拠点に、真のラグジュアリーを味わう特別なひとときをご体験ください。,https://www.ikyu.com/00080263/?discsort=1&lc=1&ppc=2&rc=1&st=1
アパホテル〈浅草橋駅前〉,アパホテル〈浅草橋駅前〉,"2名税込8,100円〜",評価なし,https://www.ikyu.com/00082444/?discsort=1&lc=1&ppc=2&rc=1&st=1
アパホテル〈浅草駅前〉（全室禁煙）,アパホテル〈浅草駅前〉（全室禁煙）,"2名税込7,650円〜",評価なし,https://www.ikyu.com/00081584/?discsort=1&lc=1&ppc=2&rc=1&st=1
アパホテル〈三田駅前〉,アパホテル〈三田駅前〉,"2名税込9,016円〜",評価なし,https://www.ikyu.com/00080829/?discsort=1&lc=1&ppc=2&rc=1&st=1
アーバイン東京・羽田 蒲田,アーバイン東京・羽田 蒲田,"2名税込7,840円〜",JR蒲田駅徒歩3分の好立地でビジネス・観光など活動拠点として最適！2013年7月フルリニューアルいたしました！羽田空港・横浜・品川・東京ディズニーランド®にもアクセス至便！客室内は全室有線LAN・Wi-Fi接続無料、女性のお客様にはチェックイン時アメニティプレゼント。アーバインホテルは、1ランク上のビジネスホテルをテーマに落ち着いた寛ぎのスペースをご提供致します。,https://www.ikyu.com/00080933/?discsort=1&lc=1&ppc=2&rc=1&st=1
アパホテル〈秋葉原駅電気街口〉,アパホテル〈秋葉原駅電気街口〉,"2名税込12,348円〜",評価なし,https://www.ikyu.com/00081391/?discsort=1&lc=1&ppc=2&rc=1&st=1
アパホテル〈飯田橋駅南〉,アパホテル〈飯田橋駅南〉,"2名税込8,100円〜",評価なし,https://www.ikyu.com/00081408/?discsort=1&lc=1&ppc=2&rc=1&st=1
相鉄フレッサイン 大門駅前,相鉄フレッサイン 大門駅前,"2名税込15,092円〜",JR 山手線・京浜東北線 浜松町駅、東京モノレール 浜松町駅、都営浅草線・大江戸線 大門駅、都営三田線 芝公園駅と複数駅から徒歩圏内。羽田空港からのアクセスも良く、都内主要ビジネスエリアはもちろん、観光の拠点としても便利です。全室禁煙、全館 Wi-Fi 対応、全室シーリー社製ベッドを設置。テレビにはネット動画配信サービスのアプリがインストールされており、対象サービスのアカウントをお持ちのお客様はログインしてご視聴いただけます。また、全館浄水システム「良水工房」を導入。触れてやさしく、飲むと美味しいお水を是非ご体験ください。ご満足とご安心をお約束するワンクラス上の「快適空間」をご用意いたしました。,https://www.ikyu.com/00082364/?discsort=1&lc=1&ppc=2&rc=1&st=1
天然温泉 奥湯河原の湯 スーパーホテルPremier秋葉原,天然温泉 奥湯河原の湯 スーパーホテルPremier秋葉原,"2名税込15,642円〜",評価なし,https://www.ikyu.com/00081897/?discsort=1&lc=1&ppc=2&rc=1&st=1
KOKO HOTEL 新橋御成門（旧 ホテルウィング新橋御成門）,KOKO HOTEL 新橋御成門（旧 ホテルウィング新橋御成門）,"2名税込9,604円〜",評価なし,https://www.ikyu.com/00081810/?discsort=1&lc=1&ppc=2&rc=1&st=1
アパホテル〈秋葉原末広町駅前〉（電気街）,アパホテル〈秋葉原末広町駅前〉（電気街）,"朝食付2名税込8,352円〜",評価なし,https://www.ikyu.com/00082600/?discsort=1&lc=1&ppc=2&rc=1&st=1
ホテルマイステイズ上野稲荷町,ホテルマイステイズ上野稲荷町,"2名税込9,384円〜",全室ミニキッチン付。上野・浅草・スカイツリー（R）観光の拠点にも最適,https://www.ikyu.com/00080999/?discsort=1&lc=1&ppc=2&rc=1&st=1
トーセイホテル ココネ上野御徒町,トーセイホテル ココネ上野御徒町,"2名税込14,112円〜",評価なし,https://www.ikyu.com/00082162/?discsort=1&lc=1&ppc=2&rc=1&st=1
アパホテル〈蒲田駅東〉,アパホテル〈蒲田駅東〉,"2名税込7,742円〜",空の玄関口、羽田空港から直通の京急蒲田駅から徒歩5分！JR蒲田駅からも徒歩5分、両駅利用で好立地。羽田空港や都心・横浜方面まで好アクセスの蒲田でビジネス・観光の拠点にぜひご利用くださいませ。全室Wifi無料・全室アパオリジナルベッド「クラウドフィット」導入で快適にお過ごしくださいませ。朝食は、レストラン「和バルGin」にて自慢の焼きたてブレッドが好評です！一日の活力にぜひお召し上がりくださいませ。,https://www.ikyu.com/00081525/?discsort=1&lc=1&ppc=2&rc=1&st=1
アルモントホテル日暮里,アルモントホテル日暮里,"2名税込12,054円〜",評価なし,https://www.ikyu.com/00082254/?discsort=1&lc=1&ppc=2&rc=1&st=1
アパホテル〈日本橋 馬喰横山駅前〉,アパホテル〈日本橋 馬喰横山駅前〉,"2名税込7,650円〜",評価なし,https://www.ikyu.com/00082065/?discsort=1&lc=1&ppc=2&rc=1&st=1
NOHGA HOTEL UENO TOKYO（ノーガホテル上野東京）,東京都・上野,"2名税込47,728円〜",評価なし,https://www.ikyu.com/00002562/?discsort=1&lc=1&ppc=2&rc=1&st=1
東京エディション銀座,東京都・中央区,"ポイント2%（2,782円分）獲得",マリオットの最高級ラグジュアリーライフスタイルホテル「エディション」の東京第二号店として、東京エディション銀座が誕生。高級ブランドやブティック、ミシュランの星付きレストランや老舗店が立ち並ぶ中央通りから至近の絶好のロケーションに位置しながら、洗練されたデザインと最高級のサービス、そして極上のダイニングとエンターテイメントをご提供いたします。創設者・イアン・シュレーガーの理念のもと、世界的建築家・隈研吾氏が創り上げた空間には、10室のスイートを含む全85室のゲストルームをはじめ、ロビーバーやルーフトップバー、日本で唯一のパンチにフォーカスしたカクテルバーやモダンブラッスリーなど、ユニークな4つのレストラン＆バーほか、最先端マシンを揃えたジムも完備。東京エディション銀座を旅の拠点に、真のラグジュアリーを味わう特別なひとときをご体験ください。,https://www.ikyu.com/00003131/?discsort=1&lc=1&ppc=2&rc=1&st=1
HOTEL K5,東京都・日本橋,"2名税込50,825円〜",評価なし,https://www.ikyu.com/00002752/?discsort=1&lc=1&ppc=2&rc=1&st=1
イビススタイルズ東京銀座East,イビススタイルズ東京銀座East,ポイント2%（342円分）獲得,評価なし,https://www.ikyu.com/00082514/?discsort=1&lc=1&ppc=2&rc=1&st=1
ファーイーストビレッジホテル東京浅草,ファーイーストビレッジホテル東京浅草,"2名税込48,240円〜",ＪＲ浜松町駅南口改札より徒歩８分。東京でのビジネス・観光での拠点となる、ＪＲ浜松町近くの好立地な場所にあるホテルです。羽田空港へのアクセスにとても便利！バスルームとトイレがセパレートです。,https://www.ikyu.com/00082502/?discsort=1&lc=1&ppc=2&rc=1&st=1
&Here SHINJUKU,&Here SHINJUKU,"2名税込32,670円〜",評価なし,https://www.ikyu.com/00082662/?discsort=1&lc=1&ppc=2&rc=1&st=1
TRUNK(HOTEL) CAT STREET,東京都・渋谷,"2名税込62,482円〜",評価なし,https://www.ikyu.com/00002421/?discsort=1&lc=1&ppc=2&rc=1&st=1
オールデイプレイス渋谷（all day place shibuya）,オールデイプレイス渋谷（all day place shibuya）,"2名税込34,880円〜",評価なし,https://www.ikyu.com/00082383/?discsort=1&lc=1&ppc=2&rc=1&st=1
浅草楓,浅草楓,"朝食付2名税込21,756円〜",評価なし,https://www.ikyu.com/00082389/?discsort=1&lc=1&ppc=2&rc=1&st=1
ホテルアマネク浅草駅前,ホテルアマネク浅草駅前,"2名税込11,932円〜",評価なし,https://www.ikyu.com/00082409/?discsort=1&lc=1&ppc=2&rc=1&st=1
KOKO HOTEL Residence 浅草かっぱ橋,KOKO HOTEL Residence 浅草かっぱ橋,"2名税込20,482円〜",評価なし,https://www.ikyu.com/00082489/?discsort=1&lc=1&ppc=2&rc=1&st=1
KOKO HOTEL Residence 浅草田原町,KOKO HOTEL Residence 浅草田原町,"2名税込25,578円〜",4～6名でご宿泊いただける、ゆったりとした客室が魅力のホテル。長期滞在にも便利な洗濯乾燥機や調理器具・キッチン設備を完備しており、我が家のようにおくつろぎいただけます。ご家族やご友人などグループでのご宿泊にぴったりのホテルです。浅草寺を始め、浅草の様々な観光地も徒歩圏内であり、観光の拠点としても便利な立地です。,https://www.ikyu.com/00082445/?discsort=1&lc=1&ppc=2&rc=1&st=1
センターホテル東京,センターホテル東京,"2名税込16,170円〜",JR東京駅八重洲北口より徒歩約10分、東京メトロ日本橋駅、茅場町駅からも 徒歩約5分の距離に位置し、ビジネスおよび観光の拠点として最適なロケーションです。この度2025年10月に全客室をリニューアルオープンいたしました。シックなインテリアを基調としたセンターホテル東京で安らぎのひとときをお過ごしください。,https://www.ikyu.com/00082723/?discsort=1&lc=1&ppc=2&rc=1&st=1
コートヤード・マリオット 銀座東武ホテル,東京都・銀座六丁目,ポイント2%（960円分）獲得,評価なし,https://www.ikyu.com/00000136/?discsort=1&lc=1&ppc=2&rc=1&st=1
GRAND MONday 銀座,GRAND MONday 銀座,"2名税込48,320円〜",評価なし,https://www.ikyu.com/00082669/?discsort=1&lc=1&ppc=2&rc=1&st=1
ビスポークホテル新宿,ビスポークホテル新宿,"2名税込20,600円〜",評価なし,https://www.ikyu.com/00081929/?discsort=1&lc=1&ppc=2&rc=1&st=1
634CondoShinjuku,634CondoShinjuku,"2名税込42,924円〜",評価なし,https://www.ikyu.com/00051355/?discsort=1&lc=1&ppc=2&rc=1&st=1
トーセイホテル ココネ浅草蔵前,トーセイホテル ココネ浅草蔵前,"2名税込10,780円〜",評価なし,https://www.ikyu.com/00082163/?discsort=1&lc=1&ppc=2&rc=1&st=1
モクシー東京錦糸町（マリオットグループ）,モクシー東京錦糸町（マリオットグループ）,ポイント2%（584円分）獲得,JR・東京メトロ錦糸町駅から徒歩5分、マリオットが展開するスタイリッシュで遊び心満載のライフスタイルホテルです。羽田空港や東京ディズニーリゾートへは錦糸町駅からシャトルバスが運行しており、鉄道や空路での移動や主要観光地へも好アクセス。ビジネスでのご滞在はもちろん、浅草や墨田への観光の拠点としても最適です。コンパクトな客室には、折り畳みデスク＆チェア、50インチのLEDテレビ、USBポート、レインシャワー付きのバスルーム、ヘアドライヤーや無料のバスアメニティなどを完備。また、シモンズ製マットレスを採用し、寝心地にもこだわりました。館内には24時間営業のラウンジ、ジム、ワークスペース、コインランドリーなどがあり、ホテルステイの快適さを保ちつつ、他の旅行者やクルーたちとの交流もお楽しみいただけます。もちろん、WiFiはいつでも、どこでもご利用いただけます。,https://www.ikyu.com/00081405/?discsort=1&lc=1&ppc=2&rc=1&st=1
くれたけインプレミアム浜松町,くれたけインプレミアム浜松町,"2名税込14,210円〜",ＪＲ浜松町駅南口改札より徒歩８分。東京でのビジネス・観光での拠点となる、ＪＲ浜松町近くの好立地な場所にあるホテルです。羽田空港へのアクセスにとても便利！バスルームとトイレがセパレートです。,https://www.ikyu.com/00081377/?discsort=1&lc=1&ppc=2&rc=1&st=1
ホテル アマネク 銀座イースト,ホテル アマネク 銀座イースト,"2名税込13,240円〜",評価なし,https://www.ikyu.com/00081217/?discsort=1&lc=1&ppc=2&rc=1&st=1
変なホテル東京　銀座,変なホテル東京　銀座,"朝食付2名税込15,838円〜",評価なし,https://www.ikyu.com/00082236/?discsort=1&lc=1&ppc=2&rc=1&st=1
紡舎｜BO-SHA,紡舎｜BO-SHA,"2名税込63,010円〜",評価なし,https://www.ikyu.com/00052226/?discsort=1&lc=1&ppc=2&rc=1&st=1
MIMARU東京 浅草STATION,MIMARU東京 浅草STATION,"2名税込48,240円〜",評価なし,https://www.ikyu.com/00051448/?discsort=1&lc=1&ppc=2&rc=1&st=1
634CondoYotsuya,634CondoYotsuya,"2名税込10,210円〜",古き良き町民文化が息づく【浅草】。「the b 浅草」は、浅草のメインストリートの一つとなる国際通り沿いにあり、つくばエクスプレスの「浅草駅」から徒歩1分、東京メトロ銀座線「田原町駅」も利用可能な好立地。ホテル界隈には魅力的な下町が広がり、雷門、花やしき、合羽橋道具街など人気の観光スポットも徒歩圏内にあるため、浅草の魅力を存分にご満喫いただけます。また、「秋葉原」までも電車で5分、「つくば」までのアクセスも良好なことから、観光やビジネスの拠点として最適です。“鎮守の杜”をデザインコンセプトとした館内は、「浅草ならではのストーリー」を意識したシックでモダンな空間を表現しています。浅草の風情を味わえる滞在をお楽しみください。,https://www.ikyu.com/00051356/?discsort=1&lc=1&ppc=2&rc=1&st=1
MIMARU東京 上野御徒町,MIMARU東京 上野御徒町,"2名税込36,720円〜",評価なし,https://www.ikyu.com/00051323/?discsort=1&lc=1&ppc=2&rc=1&st=1
MIMARU SUITES 東京浅草,MIMARU SUITES 東京浅草,"2名税込69,160円〜",評価なし,https://www.ikyu.com/00031113/?discsort=1&lc=1&ppc=2&rc=1&st=1
MIMARU東京 銀座EAST,MIMARU東京 銀座EAST,"2名税込42,480円〜",評価なし,https://www.ikyu.com/00051242/?discsort=1&lc=1&ppc=2&rc=1&st=1
MIMARU東京 上野NORTH,MIMARU東京 上野NORTH,"2名税込33,840円〜",評価なし,https://www.ikyu.com/00051241/?discsort=1&lc=1&ppc=2&rc=1&st=1
PETALS TOKYO,PETALS TOKYO,"2名税込63,000円〜",倉庫街からアートシティへと変貌を遂げた、東京・天王洲。ここに日本初の水上ホテル「PETALS TOKYO」が誕生しました。イベントスペースであり、「蓮」の名を冠した「T-LOTUS M」とともに天王洲の運河沿いに停泊する4隻の色とりどりの小舟からなるこのホテル。あたかも水面に浮かぶ蓮の花びらのようであることから【PETALS：花びら】と命名されました。古くから運河の街として発展したアムステルダムの「ハウスボート」のように、ハンドクラフトの味わいを大切にし、それぞれ異なるデザインコンセプトを持つ4隻。内装はどれも個性的かつプレミアムな空間に作り上げました。川と海の「交差点」の役目を持つこの運河は、アジア屈指の大都市である東京と、その先に広がる世界をつなぐ場所。都心の喧騒を遠くに聴き、水辺ならではの自然を感じることができる、唯一無二の空間です。日常を忘れ、五感を開放してお過ごしください。,https://www.ikyu.com/00051198/?discsort=1&lc=1&ppc=2&rc=1&st=1
MIMARU東京 新宿WEST,MIMARU東京 新宿WEST,"2名税込51,840円〜",評価なし,https://www.ikyu.com/00051102/?discsort=1&lc=1&ppc=2&rc=1&st=1
KEIKOKU GLAMPING TENT,KEIKOKU GLAMPING TENT,"2名税込57,210円〜",評価なし,https://www.ikyu.com/00050871/?discsort=1&lc=1&ppc=2&rc=1&st=1
MIMARU東京 上野EAST,MIMARU東京 上野EAST,"2名税込38,160円〜",評価なし,https://www.ikyu.com/00050826/?discsort=1&lc=1&ppc=2&rc=1&st=1
MIMARU東京 赤坂,MIMARU東京 赤坂,"2名税込46,800円〜",評価なし,https://www.ikyu.com/00050825/?discsort=1&lc=1&ppc=2&rc=1&st=1
hotel MONday 浅草,hotel MONday 浅草,"2名税込14,400円〜",評価なし,https://www.ikyu.com/00081888/?discsort=1&lc=1&ppc=2&rc=1&st=1
雷門旅館,雷門旅館,"2名税込37,030円〜",評価なし,https://www.ikyu.com/00081896/?discsort=1&lc=1&ppc=2&rc=1&st=1
Boutique Sauna ARCH,Boutique Sauna ARCH,"2名税込79,528円〜",評価なし,https://www.ikyu.com/00031178/?discsort=1&lc=1&ppc=2&rc=1&st=1
the b 浅草,the b 浅草,"2名税込10,210円〜",古き良き町民文化が息づく【浅草】。「the b 浅草」は、浅草のメインストリートの一つとなる国際通り沿いにあり、つくばエクスプレスの「浅草駅」から徒歩1分、東京メトロ銀座線「田原町駅」も利用可能な好立地。ホテル界隈には魅力的な下町が広がり、雷門、花やしき、合羽橋道具街など人気の観光スポットも徒歩圏内にあるため、浅草の魅力を存分にご満喫いただけます。また、「秋葉原」までも電車で5分、「つくば」までのアクセスも良好なことから、観光やビジネスの拠点として最適です。“鎮守の杜”をデザインコンセプトとした館内は、「浅草ならではのストーリー」を意識したシックでモダンな空間を表現しています。浅草の風情を味わえる滞在をお楽しみください。,https://www.ikyu.com/00082517/?discsort=1&lc=1&ppc=2&rc=1&st=1
